0,1,2,3,4,5,6,7,8,9,10,11,12,13,14,15,16,17,18,19,20,21,22,23,24,25,26,27,28,29,30,31,32,33,34,35,36,37,38,39,40,41,42,43,44,45,46,47,48,49,50,51,52,53,54,55,56,57,58,59,60,61,62,63,64,65,66,67,68,69,70,71,72,73,74,75,76,77,78,79,80,81,82,83,84,85,86,87,88,89,90,91,92,93,94,95,96,97,98,99,100,101,102,103,104,105,106,107,108,109,110,111,112,113,114,115,116,117,118,119,120,121,122,123,124,125,126,127,128,129,130,131,132,133,134,135,136,137,138,139,140,141,142,143,144,145,146,147,148,149,150,151,152,153,154,155,156,157,158,159,160,161,162,163,164
X,X,X,X,X,X,X,X,X,X,X,X,X,X,X,X,X,X,X,X,X,X,X,X,X,X,X,X,X,X,X,X,X,X,X,X,X,X,X,X,X,X,X,X,X,X,X,X,X,X,X,X,X,X,X,X,X,X,X,X,X,X,X,X,X,X,X,X,X,X,X,X,X,X,X,X,X,X,X,X,X,X,X,X,X,X,X,X,X,X,X,X,X,X,X,X,X,X,X,X,X,X,X,X,X,X,X,X,X,X,X,X,X,X,X,X,X,X,X,X,X,X,X,X,X,X,X,X,X,X,X,X,X,X,X,X,X,X,X,X,X,X,X,X,X,X,X,X,X,X,X,X,X,X,X,X,X,X,X,X,X,X,X,X,X
5.3,X,X,X,X,X,X,X,X,X,X,X,X,X,X,X,X,X,X,X,X,X,X,X,X,X,X,X,X,X,X,X,X,X,X,X,X,X,X,X,X,X,X,X,X,X,X,X,X,X,X,X,X,X,X,X,X,X,X,X,X,X,X,X,X,X,X,X,X,X,X,X,X,X,X,X,X,X,X,X,X,X,X,X,X,X,X,X,X,X,X,X,X,X,X,X,X,X,X,X,X,X,X,X,X,X,X,X,X,X,X,X,X,X,X,X,X,X,X,X,X,X,X,X,X,X,X,X,X,X,X,X,X,X,X,X,X,X,X,X,X,X,X,X,X,X,X,X,X,X,X,X,X,X,X,X,X,X,X,X,X,X,X,X,X
4.05,5.92,X,X,X,X,X,X,X,X,X,X,X,X,X,X,X,X,X,X,X,X,X,X,X,X,X,X,X,X,X,X,X,X,X,X,X,X,X,X,X,X,X,X,X,X,X,X,X,X,X,X,X,X,X,X,X,X,X,X,X,X,X,X,X,X,X,X,X,X,X,X,X,X,X,X,X,X,X,X,X,X,X,X,X,X,X,X,X,X,X,X,X,X,X,X,X,X,X,X,X,X,X,X,X,X,X,X,X,X,X,X,X,X,X,X,X,X,X,X,X,X,X,X,X,X,X,X,X,X,X,X,X,X,X,X,X,X,X,X,X,X,X,X,X,X,X,X,X,X,X,X,X,X,X,X,X,X,X,X,X,X,X,X,X
3.25,5.34,3.56,X,X,X,X,X,X,X,X,X,X,X,X,X,X,X,X,X,X,X,X,X,X,X,X,X,X,X,X,X,X,X,X,X,X,X,X,X,X,X,X,X,X,X,X,X,X,X,X,X,X,X,X,X,X,X,X,X,X,X,X,X,X,X,X,X,X,X,X,X,X,X,X,X,X,X,X,X,X,X,X,X,X,X,X,X,X,X,X,X,X,X,X,X,X,X,X,X,X,X,X,X,X,X,X,X,X,X,X,X,X,X,X,X,X,X,X,X,X,X,X,X,X,X,X,X,X,X,X,X,X,X,X,X,X,X,X,X,X,X,X,X,X,X,X,X,X,X,X,X,X,X,X,X,X,X,X,X,X,X,X,X,X
3.68,5.5,2.7,3.24,X,X,X,X,X,X,X,X,X,X,X,X,X,X,X,X,X,X,X,X,X,X,X,X,X,X,X,X,X,X,X,X,X,X,X,X,X,X,X,X,X,X,X,X,X,X,X,X,X,X,X,X,X,X,X,X,X,X,X,X,X,X,X,X,X,X,X,X,X,X,X,X,X,X,X,X,X,X,X,X,X,X,X,X,X,X,X,X,X,X,X,X,X,X,X,X,X,X,X,X,X,X,X,X,X,X,X,X,X,X,X,X,X,X,X,X,X,X,X,X,X,X,X,X,X,X,X,X,X,X,X,X,X,X,X,X,X,X,X,X,X,X,X,X,X,X,X,X,X,X,X,X,X,X,X,X,X,X,X,X,X
3.91,5.93,3.88,4.16,4.16,X,X,X,X,X,X,X,X,X,X,X,X,X,X,X,X,X,X,X,X,X,X,X,X,X,X,X,X,X,X,X,X,X,X,X,X,X,X,X,X,X,X,X,X,X,X,X,X,X,X,X,X,X,X,X,X,X,X,X,X,X,X,X,X,X,X,X,X,X,X,X,X,X,X,X,X,X,X,X,X,X,X,X,X,X,X,X,X,X,X,X,X,X,X,X,X,X,X,X,X,X,X,X,X,X,X,X,X,X,X,X,X,X,X,X,X,X,X,X,X,X,X,X,X,X,X,X,X,X,X,X,X,X,X,X,X,X,X,X,X,X,X,X,X,X,X,X,X,X,X,X,X,X,X,X,X,X,X,X,X
3.62,5.45,4.08,3.65,3.86,4.18,X,X,X,X,X,X,X,X,X,X,X,X,X,X,X,X,X,X,X,X,X,X,X,X,X,X,X,X,X,X,X,X,X,X,X,X,X,X,X,X,X,X,X,X,X,X,X,X,X,X,X,X,X,X,X,X,X,X,X,X,X,X,X,X,X,X,X,X,X,X,X,X,X,X,X,X,X,X,X,X,X,X,X,X,X,X,X,X,X,X,X,X,X,X,X,X,X,X,X,X,X,X,X,X,X,X,X,X,X,X,X,X,X,X,X,X,X,X,X,X,X,X,X,X,X,X,X,X,X,X,X,X,X,X,X,X,X,X,X,X,X,X,X,X,X,X,X,X,X,X,X,X,X,X,X,X,X,X,X
3.78,5.93,3.97,3.51,3.82,3.35,3.84,X,X,X,X,X,X,X,X,X,X,X,X,X,X,X,X,X,X,X,X,X,X,X,X,X,X,X,X,X,X,X,X,X,X,X,X,X,X,X,X,X,X,X,X,X,X,X,X,X,X,X,X,X,X,X,X,X,X,X,X,X,X,X,X,X,X,X,X,X,X,X,X,X,X,X,X,X,X,X,X,X,X,X,X,X,X,X,X,X,X,X,X,X,X,X,X,X,X,X,X,X,X,X,X,X,X,X,X,X,X,X,X,X,X,X,X,X,X,X,X,X,X,X,X,X,X,X,X,X,X,X,X,X,X,X,X,X,X,X,X,X,X,X,X,X,X,X,X,X,X,X,X,X,X,X,X,X,X
3.54,5.49,3.37,3.34,3.44,3.34,3.93,3.13,X,X,X,X,X,X,X,X,X,X,X,X,X,X,X,X,X,X,X,X,X,X,X,X,X,X,X,X,X,X,X,X,X,X,X,X,X,X,X,X,X,X,X,X,X,X,X,X,X,X,X,X,X,X,X,X,X,X,X,X,X,X,X,X,X,X,X,X,X,X,X,X,X,X,X,X,X,X,X,X,X,X,X,X,X,X,X,X,X,X,X,X,X,X,X,X,X,X,X,X,X,X,X,X,X,X,X,X,X,X,X,X,X,X,X,X,X,X,X,X,X,X,X,X,X,X,X,X,X,X,X,X,X,X,X,X,X,X,X,X,X,X,X,X,X,X,X,X,X,X,X,X,X,X,X,X,X
3.29,5.59,4.18,3.44,3.6,4.08,3.83,3.82,3.67,X,X,X,X,X,X,X,X,X,X,X,X,X,X,X,X,X,X,X,X,X,X,X,X,X,X,X,X,X,X,X,X,X,X,X,X,X,X,X,X,X,X,X,X,X,X,X,X,X,X,X,X,X,X,X,X,X,X,X,X,X,X,X,X,X,X,X,X,X,X,X,X,X,X,X,X,X,X,X,X,X,X,X,X,X,X,X,X,X,X,X,X,X,X,X,X,X,X,X,X,X,X,X,X,X,X,X,X,X,X,X,X,X,X,X,X,X,X,X,X,X,X,X,X,X,X,X,X,X,X,X,X,X,X,X,X,X,X,X,X,X,X,X,X,X,X,X,X,X,X,X,X,X,X,X,X
4.28,5.81,4.35,4.25,4.58,3.77,4.21,4.23,4.13,4.16,X,X,X,X,X,X,X,X,X,X,X,X,X,X,X,X,X,X,X,X,X,X,X,X,X,X,X,X,X,X,X,X,X,X,X,X,X,X,X,X,X,X,X,X,X,X,X,X,X,X,X,X,X,X,X,X,X,X,X,X,X,X,X,X,X,X,X,X,X,X,X,X,X,X,X,X,X,X,X,X,X,X,X,X,X,X,X,X,X,X,X,X,X,X,X,X,X,X,X,X,X,X,X,X,X,X,X,X,X,X,X,X,X,X,X,X,X,X,X,X,X,X,X,X,X,X,X,X,X,X,X,X,X,X,X,X,X,X,X,X,X,X,X,X,X,X,X,X,X,X,X,X,X,X,X
3.96,5.35,3.7,3.97,3.7,3.99,3.75,4.11,3.71,4.05,3.92,X,X,X,X,X,X,X,X,X,X,X,X,X,X,X,X,X,X,X,X,X,X,X,X,X,X,X,X,X,X,X,X,X,X,X,X,X,X,X,X,X,X,X,X,X,X,X,X,X,X,X,X,X,X,X,X,X,X,X,X,X,X,X,X,X,X,X,X,X,X,X,X,X,X,X,X,X,X,X,X,X,X,X,X,X,X,X,X,X,X,X,X,X,X,X,X,X,X,X,X,X,X,X,X,X,X,X,X,X,X,X,X,X,X,X,X,X,X,X,X,X,X,X,X,X,X,X,X,X,X,X,X,X,X,X,X,X,X,X,X,X,X,X,X,X,X,X,X,X,X,X,X,X,X
3.67,5.66,4.17,3.7,4.09,4.19,4.43,3.69,3.5,3.67,4.3,4.0,X,X,X,X,X,X,X,X,X,X,X,X,X,X,X,X,X,X,X,X,X,X,X,X,X,X,X,X,X,X,X,X,X,X,X,X,X,X,X,X,X,X,X,X,X,X,X,X,X,X,X,X,X,X,X,X,X,X,X,X,X,X,X,X,X,X,X,X,X,X,X,X,X,X,X,X,X,X,X,X,X,X,X,X,X,X,X,X,X,X,X,X,X,X,X,X,X,X,X,X,X,X,X,X,X,X,X,X,X,X,X,X,X,X,X,X,X,X,X,X,X,X,X,X,X,X,X,X,X,X,X,X,X,X,X,X,X,X,X,X,X,X,X,X,X,X,X,X,X,X,X,X,X
3.9,5.19,4.18,3.8,3.57,4.21,3.74,4.23,4.12,3.71,4.12,3.84,4.46,X,X,X,X,X,X,X,X,X,X,X,X,X,X,X,X,X,X,X,X,X,X,X,X,X,X,X,X,X,X,X,X,X,X,X,X,X,X,X,X,X,X,X,X,X,X,X,X,X,X,X,X,X,X,X,X,X,X,X,X,X,X,X,X,X,X,X,X,X,X,X,X,X,X,X,X,X,X,X,X,X,X,X,X,X,X,X,X,X,X,X,X,X,X,X,X,X,X,X,X,X,X,X,X,X,X,X,X,X,X,X,X,X,X,X,X,X,X,X,X,X,X,X,X,X,X,X,X,X,X,X,X,X,X,X,X,X,X,X,X,X,X,X,X,X,X,X,X,X,X,X,X
3.94,5.69,3.68,4.08,4.18,3.5,4.21,3.88,3.06,4.25,4.07,3.77,3.72,4.46,X,X,X,X,X,X,X,X,X,X,X,X,X,X,X,X,X,X,X,X,X,X,X,X,X,X,X,X,X,X,X,X,X,X,X,X,X,X,X,X,X,X,X,X,X,X,X,X,X,X,X,X,X,X,X,X,X,X,X,X,X,X,X,X,X,X,X,X,X,X,X,X,X,X,X,X,X,X,X,X,X,X,X,X,X,X,X,X,X,X,X,X,X,X,X,X,X,X,X,X,X,X,X,X,X,X,X,X,X,X,X,X,X,X,X,X,X,X,X,X,X,X,X,X,X,X,X,X,X,X,X,X,X,X,X,X,X,X,X,X,X,X,X,X,X,X,X,X,X,X,X
3.66,5.58,3.47,4.1,3.87,2.93,4.03,3.37,2.83,3.56,3.87,3.62,3.7,4.06,3.37,X,X,X,X,X,X,X,X,X,X,X,X,X,X,X,X,X,X,X,X,X,X,X,X,X,X,X,X,X,X,X,X,X,X,X,X,X,X,X,X,X,X,X,X,X,X,X,X,X,X,X,X,X,X,X,X,X,X,X,X,X,X,X,X,X,X,X,X,X,X,X,X,X,X,X,X,X,X,X,X,X,X,X,X,X,X,X,X,X,X,X,X,X,X,X,X,X,X,X,X,X,X,X,X,X,X,X,X,X,X,X,X,X,X,X,X,X,X,X,X,X,X,X,X,X,X,X,X,X,X,X,X,X,X,X,X,X,X,X,X,X,X,X,X,X,X,X,X,X,X
3.91,6.09,4.58,4.34,4.64,3.87,4.22,3.28,3.8,4.38,4.41,4.34,3.98,4.7,3.67,3.89,X,X,X,X,X,X,X,X,X,X,X,X,X,X,X,X,X,X,X,X,X,X,X,X,X,X,X,X,X,X,X,X,X,X,X,X,X,X,X,X,X,X,X,X,X,X,X,X,X,X,X,X,X,X,X,X,X,X,X,X,X,X,X,X,X,X,X,X,X,X,X,X,X,X,X,X,X,X,X,X,X,X,X,X,X,X,X,X,X,X,X,X,X,X,X,X,X,X,X,X,X,X,X,X,X,X,X,X,X,X,X,X,X,X,X,X,X,X,X,X,X,X,X,X,X,X,X,X,X,X,X,X,X,X,X,X,X,X,X,X,X,X,X,X,X,X,X,X,X
3.75,5.92,3.48,3.69,3.82,3.8,4.15,3.33,3.29,3.64,4.29,3.93,3.79,4.17,3.54,3.1,3.78,X,X,X,X,X,X,X,X,X,X,X,X,X,X,X,X,X,X,X,X,X,X,X,X,X,X,X,X,X,X,X,X,X,X,X,X,X,X,X,X,X,X,X,X,X,X,X,X,X,X,X,X,X,X,X,X,X,X,X,X,X,X,X,X,X,X,X,X,X,X,X,X,X,X,X,X,X,X,X,X,X,X,X,X,X,X,X,X,X,X,X,X,X,X,X,X,X,X,X,X,X,X,X,X,X,X,X,X,X,X,X,X,X,X,X,X,X,X,X,X,X,X,X,X,X,X,X,X,X,X,X,X,X,X,X,X,X,X,X,X,X,X,X,X,X,X,X,X
3.4,5.4,3.45,3.57,2.99,3.72,4.19,3.88,3.27,3.87,4.53,3.47,4.08,3.79,3.88,3.5,4.26,3.66,X,X,X,X,X,X,X,X,X,X,X,X,X,X,X,X,X,X,X,X,X,X,X,X,X,X,X,X,X,X,X,X,X,X,X,X,X,X,X,X,X,X,X,X,X,X,X,X,X,X,X,X,X,X,X,X,X,X,X,X,X,X,X,X,X,X,X,X,X,X,X,X,X,X,X,X,X,X,X,X,X,X,X,X,X,X,X,X,X,X,X,X,X,X,X,X,X,X,X,X,X,X,X,X,X,X,X,X,X,X,X,X,X,X,X,X,X,X,X,X,X,X,X,X,X,X,X,X,X,X,X,X,X,X,X,X,X,X,X,X,X,X,X,X,X,X,X
4.22,5.72,4.05,3.91,3.94,3.56,4.35,3.52,3.42,4.01,3.91,3.7,3.94,4.29,3.65,3.35,3.94,3.49,3.78,X,X,X,X,X,X,X,X,X,X,X,X,X,X,X,X,X,X,X,X,X,X,X,X,X,X,X,X,X,X,X,X,X,X,X,X,X,X,X,X,X,X,X,X,X,X,X,X,X,X,X,X,X,X,X,X,X,X,X,X,X,X,X,X,X,X,X,X,X,X,X,X,X,X,X,X,X,X,X,X,X,X,X,X,X,X,X,X,X,X,X,X,X,X,X,X,X,X,X,X,X,X,X,X,X,X,X,X,X,X,X,X,X,X,X,X,X,X,X,X,X,X,X,X,X,X,X,X,X,X,X,X,X,X,X,X,X,X,X,X,X,X,X,X,X,X
3.19,5.58,3.84,3.83,3.73,3.26,4.09,3.57,3.33,3.25,3.93,3.59,3.36,3.93,3.7,3.13,3.81,3.36,3.26,3.56,X,X,X,X,X,X,X,X,X,X,X,X,X,X,X,X,X,X,X,X,X,X,X,X,X,X,X,X,X,X,X,X,X,X,X,X,X,X,X,X,X,X,X,X,X,X,X,X,X,X,X,X,X,X,X,X,X,X,X,X,X,X,X,X,X,X,X,X,X,X,X,X,X,X,X,X,X,X,X,X,X,X,X,X,X,X,X,X,X,X,X,X,X,X,X,X,X,X,X,X,X,X,X,X,X,X,X,X,X,X,X,X,X,X,X,X,X,X,X,X,X,X,X,X,X,X,X,X,X,X,X,X,X,X,X,X,X,X,X,X,X,X,X,X,X
3.22,5.4,3.37,3.52,2.9,3.79,3.29,3.83,3.56,3.27,4.04,3.29,3.65,3.28,4.03,3.44,4.28,3.67,3.25,4.04,2.92,X,X,X,X,X,X,X,X,X,X,X,X,X,X,X,X,X,X,X,X,X,X,X,X,X,X,X,X,X,X,X,X,X,X,X,X,X,X,X,X,X,X,X,X,X,X,X,X,X,X,X,X,X,X,X,X,X,X,X,X,X,X,X,X,X,X,X,X,X,X,X,X,X,X,X,X,X,X,X,X,X,X,X,X,X,X,X,X,X,X,X,X,X,X,X,X,X,X,X,X,X,X,X,X,X,X,X,X,X,X,X,X,X,X,X,X,X,X,X,X,X,X,X,X,X,X,X,X,X,X,X,X,X,X,X,X,X,X,X,X,X,X,X,X
4.39,5.9,3.66,3.92,3.74,3.52,3.87,3.6,3.3,3.84,4.2,3.77,4.4,4.4,3.97,3.54,4.24,3.86,3.72,3.1,3.63,4.0,X,X,X,X,X,X,X,X,X,X,X,X,X,X,X,X,X,X,X,X,X,X,X,X,X,X,X,X,X,X,X,X,X,X,X,X,X,X,X,X,X,X,X,X,X,X,X,X,X,X,X,X,X,X,X,X,X,X,X,X,X,X,X,X,X,X,X,X,X,X,X,X,X,X,X,X,X,X,X,X,X,X,X,X,X,X,X,X,X,X,X,X,X,X,X,X,X,X,X,X,X,X,X,X,X,X,X,X,X,X,X,X,X,X,X,X,X,X,X,X,X,X,X,X,X,X,X,X,X,X,X,X,X,X,X,X,X,X,X,X,X,X,X
4.06,5.68,4.1,3.36,4.31,4.11,4.48,3.56,3.36,4.15,4.32,4.22,3.78,4.62,4.1,3.77,4.12,3.4,4.0,3.57,3.95,4.45,3.77,X,X,X,X,X,X,X,X,X,X,X,X,X,X,X,X,X,X,X,X,X,X,X,X,X,X,X,X,X,X,X,X,X,X,X,X,X,X,X,X,X,X,X,X,X,X,X,X,X,X,X,X,X,X,X,X,X,X,X,X,X,X,X,X,X,X,X,X,X,X,X,X,X,X,X,X,X,X,X,X,X,X,X,X,X,X,X,X,X,X,X,X,X,X,X,X,X,X,X,X,X,X,X,X,X,X,X,X,X,X,X,X,X,X,X,X,X,X,X,X,X,X,X,X,X,X,X,X,X,X,X,X,X,X,X,X,X,X,X,X,X,X
4.46,6.11,4.36,3.88,4.29,4.68,4.55,4.58,4.37,4.27,5.05,4.86,4.58,4.86,4.94,4.84,4.99,4.45,4.54,4.62,4.44,4.18,4.53,4.4,X,X,X,X,X,X,X,X,X,X,X,X,X,X,X,X,X,X,X,X,X,X,X,X,X,X,X,X,X,X,X,X,X,X,X,X,X,X,X,X,X,X,X,X,X,X,X,X,X,X,X,X,X,X,X,X,X,X,X,X,X,X,X,X,X,X,X,X,X,X,X,X,X,X,X,X,X,X,X,X,X,X,X,X,X,X,X,X,X,X,X,X,X,X,X,X,X,X,X,X,X,X,X,X,X,X,X,X,X,X,X,X,X,X,X,X,X,X,X,X,X,X,X,X,X,X,X,X,X,X,X,X,X,X,X,X,X,X,X,X,X
3.58,5.72,3.67,3.94,4.01,3.43,3.68,3.11,3.26,3.8,4.08,3.62,3.64,4.14,3.26,2.63,3.74,2.92,3.8,3.53,3.33,3.61,3.82,3.66,4.85,X,X,X,X,X,X,X,X,X,X,X,X,X,X,X,X,X,X,X,X,X,X,X,X,X,X,X,X,X,X,X,X,X,X,X,X,X,X,X,X,X,X,X,X,X,X,X,X,X,X,X,X,X,X,X,X,X,X,X,X,X,X,X,X,X,X,X,X,X,X,X,X,X,X,X,X,X,X,X,X,X,X,X,X,X,X,X,X,X,X,X,X,X,X,X,X,X,X,X,X,X,X,X,X,X,X,X,X,X,X,X,X,X,X,X,X,X,X,X,X,X,X,X,X,X,X,X,X,X,X,X,X,X,X,X,X,X,X,X,X
4.43,6.09,4.65,4.47,4.52,4.19,4.47,4.06,4.12,4.33,4.46,4.78,4.56,4.81,4.77,3.95,4.66,4.04,4.6,4.19,4.33,4.34,4.28,4.17,4.72,4.27,X,X,X,X,X,X,X,X,X,X,X,X,X,X,X,X,X,X,X,X,X,X,X,X,X,X,X,X,X,X,X,X,X,X,X,X,X,X,X,X,X,X,X,X,X,X,X,X,X,X,X,X,X,X,X,X,X,X,X,X,X,X,X,X,X,X,X,X,X,X,X,X,X,X,X,X,X,X,X,X,X,X,X,X,X,X,X,X,X,X,X,X,X,X,X,X,X,X,X,X,X,X,X,X,X,X,X,X,X,X,X,X,X,X,X,X,X,X,X,X,X,X,X,X,X,X,X,X,X,X,X,X,X,X,X,X,X,X,X
4.17,5.66,4.09,4.42,3.86,3.98,4.42,4.23,4.05,4.08,4.22,3.83,4.28,4.15,4.07,3.88,4.46,4.0,4.02,3.94,3.67,3.79,4.12,4.51,4.96,4.0,4.66,X,X,X,X,X,X,X,X,X,X,X,X,X,X,X,X,X,X,X,X,X,X,X,X,X,X,X,X,X,X,X,X,X,X,X,X,X,X,X,X,X,X,X,X,X,X,X,X,X,X,X,X,X,X,X,X,X,X,X,X,X,X,X,X,X,X,X,X,X,X,X,X,X,X,X,X,X,X,X,X,X,X,X,X,X,X,X,X,X,X,X,X,X,X,X,X,X,X,X,X,X,X,X,X,X,X,X,X,X,X,X,X,X,X,X,X,X,X,X,X,X,X,X,X,X,X,X,X,X,X,X,X,X,X,X,X,X,X
3.21,5.58,3.58,3.38,3.69,2.87,3.58,2.49,2.64,3.7,3.86,3.7,3.26,4.0,3.28,2.31,3.11,2.82,3.3,3.18,2.92,3.24,3.46,2.98,4.48,2.34,3.68,3.83,X,X,X,X,X,X,X,X,X,X,X,X,X,X,X,X,X,X,X,X,X,X,X,X,X,X,X,X,X,X,X,X,X,X,X,X,X,X,X,X,X,X,X,X,X,X,X,X,X,X,X,X,X,X,X,X,X,X,X,X,X,X,X,X,X,X,X,X,X,X,X,X,X,X,X,X,X,X,X,X,X,X,X,X,X,X,X,X,X,X,X,X,X,X,X,X,X,X,X,X,X,X,X,X,X,X,X,X,X,X,X,X,X,X,X,X,X,X,X,X,X,X,X,X,X,X,X,X,X,X,X,X,X,X,X,X,X
3.77,5.74,3.69,3.61,3.4,3.71,3.83,3.37,3.46,3.57,4.26,3.86,4.31,3.78,4.16,3.51,4.43,3.61,3.46,4.06,3.84,3.43,3.76,4.1,4.59,3.55,4.46,4.32,3.38,X,X,X,X,X,X,X,X,X,X,X,X,X,X,X,X,X,X,X,X,X,X,X,X,X,X,X,X,X,X,X,X,X,X,X,X,X,X,X,X,X,X,X,X,X,X,X,X,X,X,X,X,X,X,X,X,X,X,X,X,X,X,X,X,X,X,X,X,X,X,X,X,X,X,X,X,X,X,X,X,X,X,X,X,X,X,X,X,X,X,X,X,X,X,X,X,X,X,X,X,X,X,X,X,X,X,X,X,X,X,X,X,X,X,X,X,X,X,X,X,X,X,X,X,X,X,X,X,X,X,X,X,X,X,X,X
4.07,5.87,3.86,4.02,3.69,4.27,4.64,3.78,3.74,3.82,4.39,4.27,3.96,4.16,4.34,3.69,4.34,3.45,4.11,4.1,3.71,3.93,4.19,3.79,4.72,3.72,4.11,3.94,3.52,4.11,X,X,X,X,X,X,X,X,X,X,X,X,X,X,X,X,X,X,X,X,X,X,X,X,X,X,X,X,X,X,X,X,X,X,X,X,X,X,X,X,X,X,X,X,X,X,X,X,X,X,X,X,X,X,X,X,X,X,X,X,X,X,X,X,X,X,X,X,X,X,X,X,X,X,X,X,X,X,X,X,X,X,X,X,X,X,X,X,X,X,X,X,X,X,X,X,X,X,X,X,X,X,X,X,X,X,X,X,X,X,X,X,X,X,X,X,X,X,X,X,X,X,X,X,X,X,X,X,X,X,X,X,X,X,X
3.66,5.46,3.88,3.9,3.81,3.67,4.16,3.63,3.37,4.14,4.23,3.66,3.78,4.1,3.51,3.65,3.99,3.76,3.56,3.5,3.21,3.79,3.74,3.87,4.81,3.29,4.76,4.0,3.19,4.0,4.18,X,X,X,X,X,X,X,X,X,X,X,X,X,X,X,X,X,X,X,X,X,X,X,X,X,X,X,X,X,X,X,X,X,X,X,X,X,X,X,X,X,X,X,X,X,X,X,X,X,X,X,X,X,X,X,X,X,X,X,X,X,X,X,X,X,X,X,X,X,X,X,X,X,X,X,X,X,X,X,X,X,X,X,X,X,X,X,X,X,X,X,X,X,X,X,X,X,X,X,X,X,X,X,X,X,X,X,X,X,X,X,X,X,X,X,X,X,X,X,X,X,X,X,X,X,X,X,X,X,X,X,X,X,X
4.06,5.66,4.38,3.93,3.72,4.54,4.26,4.42,4.36,3.82,4.52,4.44,4.61,3.81,4.76,4.44,4.97,4.47,4.22,4.44,4.16,3.94,4.47,4.69,4.63,4.34,4.77,4.3,4.42,3.92,4.06,4.38,X,X,X,X,X,X,X,X,X,X,X,X,X,X,X,X,X,X,X,X,X,X,X,X,X,X,X,X,X,X,X,X,X,X,X,X,X,X,X,X,X,X,X,X,X,X,X,X,X,X,X,X,X,X,X,X,X,X,X,X,X,X,X,X,X,X,X,X,X,X,X,X,X,X,X,X,X,X,X,X,X,X,X,X,X,X,X,X,X,X,X,X,X,X,X,X,X,X,X,X,X,X,X,X,X,X,X,X,X,X,X,X,X,X,X,X,X,X,X,X,X,X,X,X,X,X,X,X,X,X,X,X,X
4.16,5.48,4.5,3.81,3.8,4.51,4.52,4.42,4.27,3.84,4.62,4.19,4.26,3.97,4.45,4.55,4.87,4.48,4.05,4.11,4.22,4.16,4.31,4.6,4.66,4.58,5.06,4.51,4.52,4.05,4.43,4.15,3.91,X,X,X,X,X,X,X,X,X,X,X,X,X,X,X,X,X,X,X,X,X,X,X,X,X,X,X,X,X,X,X,X,X,X,X,X,X,X,X,X,X,X,X,X,X,X,X,X,X,X,X,X,X,X,X,X,X,X,X,X,X,X,X,X,X,X,X,X,X,X,X,X,X,X,X,X,X,X,X,X,X,X,X,X,X,X,X,X,X,X,X,X,X,X,X,X,X,X,X,X,X,X,X,X,X,X,X,X,X,X,X,X,X,X,X,X,X,X,X,X,X,X,X,X,X,X,X,X,X,X,X,X
3.9,5.57,3.75,3.82,3.37,4.28,4.21,4.28,3.86,3.57,4.33,3.64,3.81,4.25,4.16,3.92,4.73,4.1,3.82,3.89,3.51,3.51,3.87,4.13,4.27,4.07,4.51,3.64,4.03,4.08,3.83,4.13,4.06,4.04,X,X,X,X,X,X,X,X,X,X,X,X,X,X,X,X,X,X,X,X,X,X,X,X,X,X,X,X,X,X,X,X,X,X,X,X,X,X,X,X,X,X,X,X,X,X,X,X,X,X,X,X,X,X,X,X,X,X,X,X,X,X,X,X,X,X,X,X,X,X,X,X,X,X,X,X,X,X,X,X,X,X,X,X,X,X,X,X,X,X,X,X,X,X,X,X,X,X,X,X,X,X,X,X,X,X,X,X,X,X,X,X,X,X,X,X,X,X,X,X,X,X,X,X,X,X,X,X,X,X,X
3.93,5.68,3.7,3.63,3.53,4.52,3.6,4.4,4.4,3.45,4.66,4.27,4.31,3.84,4.73,4.21,5.07,4.19,4.21,4.69,3.96,3.36,4.37,4.61,4.29,4.18,4.78,4.15,4.29,4.0,4.18,4.57,3.94,4.29,3.5,X,X,X,X,X,X,X,X,X,X,X,X,X,X,X,X,X,X,X,X,X,X,X,X,X,X,X,X,X,X,X,X,X,X,X,X,X,X,X,X,X,X,X,X,X,X,X,X,X,X,X,X,X,X,X,X,X,X,X,X,X,X,X,X,X,X,X,X,X,X,X,X,X,X,X,X,X,X,X,X,X,X,X,X,X,X,X,X,X,X,X,X,X,X,X,X,X,X,X,X,X,X,X,X,X,X,X,X,X,X,X,X,X,X,X,X,X,X,X,X,X,X,X,X,X,X,X,X,X,X
3.85,5.63,3.55,3.34,3.75,3.4,3.55,3.18,2.22,3.74,3.89,3.54,3.81,4.31,3.09,3.08,3.8,3.46,3.73,3.12,3.65,3.86,2.98,3.46,4.3,3.1,4.29,4.17,2.85,3.81,4.06,3.54,4.48,4.4,3.85,4.34,X,X,X,X,X,X,X,X,X,X,X,X,X,X,X,X,X,X,X,X,X,X,X,X,X,X,X,X,X,X,X,X,X,X,X,X,X,X,X,X,X,X,X,X,X,X,X,X,X,X,X,X,X,X,X,X,X,X,X,X,X,X,X,X,X,X,X,X,X,X,X,X,X,X,X,X,X,X,X,X,X,X,X,X,X,X,X,X,X,X,X,X,X,X,X,X,X,X,X,X,X,X,X,X,X,X,X,X,X,X,X,X,X,X,X,X,X,X,X,X,X,X,X,X,X,X,X,X,X
3.91,5.74,3.61,3.52,3.85,3.79,4.02,3.62,2.82,4.19,4.31,3.83,4.08,4.42,3.65,3.66,3.93,3.67,3.61,3.43,3.91,3.98,3.36,3.62,4.4,3.82,4.45,4.57,3.18,3.77,4.34,3.72,4.59,4.28,4.15,4.72,2.84,X,X,X,X,X,X,X,X,X,X,X,X,X,X,X,X,X,X,X,X,X,X,X,X,X,X,X,X,X,X,X,X,X,X,X,X,X,X,X,X,X,X,X,X,X,X,X,X,X,X,X,X,X,X,X,X,X,X,X,X,X,X,X,X,X,X,X,X,X,X,X,X,X,X,X,X,X,X,X,X,X,X,X,X,X,X,X,X,X,X,X,X,X,X,X,X,X,X,X,X,X,X,X,X,X,X,X,X,X,X,X,X,X,X,X,X,X,X,X,X,X,X,X,X,X,X,X,X
2.9,5.3,3.65,3.1,3.28,3.83,3.37,3.83,3.64,2.76,3.91,3.42,3.63,3.31,3.97,3.29,4.34,3.74,3.43,3.97,3.22,2.9,3.89,4.16,4.32,3.45,4.46,3.93,3.42,3.4,3.84,3.88,3.48,3.63,3.53,3.22,3.63,4.03,X,X,X,X,X,X,X,X,X,X,X,X,X,X,X,X,X,X,X,X,X,X,X,X,X,X,X,X,X,X,X,X,X,X,X,X,X,X,X,X,X,X,X,X,X,X,X,X,X,X,X,X,X,X,X,X,X,X,X,X,X,X,X,X,X,X,X,X,X,X,X,X,X,X,X,X,X,X,X,X,X,X,X,X,X,X,X,X,X,X,X,X,X,X,X,X,X,X,X,X,X,X,X,X,X,X,X,X,X,X,X,X,X,X,X,X,X,X,X,X,X,X,X,X,X,X,X
4.28,5.6,3.64,3.71,3.63,4.77,4.09,4.63,4.2,3.92,4.38,3.68,4.5,4.12,4.63,4.36,5.11,4.14,4.2,4.18,4.26,3.8,3.86,3.93,4.4,4.36,4.71,4.26,4.42,4.18,3.98,4.37,4.2,4.19,3.46,3.72,4.12,4.23,3.75,X,X,X,X,X,X,X,X,X,X,X,X,X,X,X,X,X,X,X,X,X,X,X,X,X,X,X,X,X,X,X,X,X,X,X,X,X,X,X,X,X,X,X,X,X,X,X,X,X,X,X,X,X,X,X,X,X,X,X,X,X,X,X,X,X,X,X,X,X,X,X,X,X,X,X,X,X,X,X,X,X,X,X,X,X,X,X,X,X,X,X,X,X,X,X,X,X,X,X,X,X,X,X,X,X,X,X,X,X,X,X,X,X,X,X,X,X,X,X,X,X,X,X,X,X,X
4.08,5.3,3.95,4.1,3.57,4.34,3.46,4.35,3.85,3.82,4.47,3.54,4.27,3.76,4.22,3.63,4.7,4.03,3.86,4.18,3.95,3.24,3.91,4.6,4.6,4.0,4.65,4.17,3.96,4.2,4.45,4.15,4.51,4.49,3.91,3.93,3.83,4.21,3.65,3.88,X,X,X,X,X,X,X,X,X,X,X,X,X,X,X,X,X,X,X,X,X,X,X,X,X,X,X,X,X,X,X,X,X,X,X,X,X,X,X,X,X,X,X,X,X,X,X,X,X,X,X,X,X,X,X,X,X,X,X,X,X,X,X,X,X,X,X,X,X,X,X,X,X,X,X,X,X,X,X,X,X,X,X,X,X,X,X,X,X,X,X,X,X,X,X,X,X,X,X,X,X,X,X,X,X,X,X,X,X,X,X,X,X,X,X,X,X,X,X,X,X,X,X,X,X
3.84,5.48,4.31,3.86,3.96,4.62,3.88,4.53,4.3,3.96,4.85,4.28,3.94,4.33,4.55,4.36,4.89,4.63,4.25,4.75,3.98,3.68,4.39,4.49,4.6,4.26,5.05,4.74,4.2,4.61,4.69,4.42,4.65,4.6,3.89,3.68,4.32,4.68,3.69,4.24,3.99,X,X,X,X,X,X,X,X,X,X,X,X,X,X,X,X,X,X,X,X,X,X,X,X,X,X,X,X,X,X,X,X,X,X,X,X,X,X,X,X,X,X,X,X,X,X,X,X,X,X,X,X,X,X,X,X,X,X,X,X,X,X,X,X,X,X,X,X,X,X,X,X,X,X,X,X,X,X,X,X,X,X,X,X,X,X,X,X,X,X,X,X,X,X,X,X,X,X,X,X,X,X,X,X,X,X,X,X,X,X,X,X,X,X,X,X,X,X,X,X,X,X,X,X
4.16,5.76,3.92,3.81,4.14,3.86,4.22,3.98,4.3,4.07,4.21,3.98,4.41,4.03,4.31,3.8,4.25,4.02,3.99,4.05,3.85,3.49,4.27,4.3,4.45,4.03,5.06,4.44,3.73,3.82,4.57,4.25,4.47,4.49,4.25,4.06,4.07,4.13,3.77,4.36,4.31,4.51,X,X,X,X,X,X,X,X,X,X,X,X,X,X,X,X,X,X,X,X,X,X,X,X,X,X,X,X,X,X,X,X,X,X,X,X,X,X,X,X,X,X,X,X,X,X,X,X,X,X,X,X,X,X,X,X,X,X,X,X,X,X,X,X,X,X,X,X,X,X,X,X,X,X,X,X,X,X,X,X,X,X,X,X,X,X,X,X,X,X,X,X,X,X,X,X,X,X,X,X,X,X,X,X,X,X,X,X,X,X,X,X,X,X,X,X,X,X,X,X,X,X,X
4.01,5.92,4.52,4.54,4.41,3.93,4.5,4.41,4.34,4.21,4.39,4.43,4.28,4.49,4.31,4.07,4.63,4.26,4.42,4.47,3.64,4.03,4.51,4.76,4.89,4.1,4.42,4.16,4.05,4.64,4.32,4.16,4.4,4.6,4.26,4.4,4.48,4.84,3.9,4.63,4.51,4.63,4.84,X,X,X,X,X,X,X,X,X,X,X,X,X,X,X,X,X,X,X,X,X,X,X,X,X,X,X,X,X,X,X,X,X,X,X,X,X,X,X,X,X,X,X,X,X,X,X,X,X,X,X,X,X,X,X,X,X,X,X,X,X,X,X,X,X,X,X,X,X,X,X,X,X,X,X,X,X,X,X,X,X,X,X,X,X,X,X,X,X,X,X,X,X,X,X,X,X,X,X,X,X,X,X,X,X,X,X,X,X,X,X,X,X,X,X,X,X,X,X,X,X,X
3.98,5.35,4.11,4.25,4.17,4.25,3.52,4.33,4.02,3.8,3.83,3.62,4.14,3.86,4.27,3.41,4.55,4.09,4.28,4.21,3.62,3.47,3.99,4.38,4.89,3.78,4.49,3.95,3.83,4.3,4.03,4.11,4.34,4.6,3.82,3.81,3.91,4.47,3.45,3.87,3.31,4.16,4.23,4.1,X,X,X,X,X,X,X,X,X,X,X,X,X,X,X,X,X,X,X,X,X,X,X,X,X,X,X,X,X,X,X,X,X,X,X,X,X,X,X,X,X,X,X,X,X,X,X,X,X,X,X,X,X,X,X,X,X,X,X,X,X,X,X,X,X,X,X,X,X,X,X,X,X,X,X,X,X,X,X,X,X,X,X,X,X,X,X,X,X,X,X,X,X,X,X,X,X,X,X,X,X,X,X,X,X,X,X,X,X,X,X,X,X,X,X,X,X,X,X,X,X
3.31,5.39,4.27,3.51,3.76,4.27,3.78,4.04,4.01,3.39,4.34,3.92,3.68,3.8,4.05,3.91,4.42,4.24,4.0,4.36,3.82,3.56,4.38,4.5,4.88,3.84,4.93,4.32,3.78,3.89,4.28,4.02,3.97,3.66,3.99,3.87,4.03,4.2,2.77,4.26,4.2,3.99,4.26,4.21,4.07,X,X,X,X,X,X,X,X,X,X,X,X,X,X,X,X,X,X,X,X,X,X,X,X,X,X,X,X,X,X,X,X,X,X,X,X,X,X,X,X,X,X,X,X,X,X,X,X,X,X,X,X,X,X,X,X,X,X,X,X,X,X,X,X,X,X,X,X,X,X,X,X,X,X,X,X,X,X,X,X,X,X,X,X,X,X,X,X,X,X,X,X,X,X,X,X,X,X,X,X,X,X,X,X,X,X,X,X,X,X,X,X,X,X,X,X,X,X,X,X
5.67,5.66,5.93,5.5,5.59,6.18,5.66,5.92,5.84,5.3,6.08,5.76,5.92,5.48,6.25,5.57,6.41,5.75,5.85,6.01,5.77,5.58,5.93,5.94,6.03,5.77,6.25,6.0,5.84,5.49,5.83,6.09,5.67,5.76,5.75,5.4,5.85,6.12,5.21,5.76,5.67,5.58,5.77,6.26,5.57,5.48,X,X,X,X,X,X,X,X,X,X,X,X,X,X,X,X,X,X,X,X,X,X,X,X,X,X,X,X,X,X,X,X,X,X,X,X,X,X,X,X,X,X,X,X,X,X,X,X,X,X,X,X,X,X,X,X,X,X,X,X,X,X,X,X,X,X,X,X,X,X,X,X,X,X,X,X,X,X,X,X,X,X,X,X,X,X,X,X,X,X,X,X,X,X,X,X,X,X,X,X,X,X,X,X,X,X,X,X,X,X,X,X,X,X,X,X,X,X,X
4.36,6.0,4.07,4.07,4.28,3.16,4.5,3.46,3.41,3.88,4.07,4.31,4.01,4.46,3.85,3.07,4.04,3.35,4.1,3.3,3.64,3.95,3.75,3.61,4.34,3.68,4.08,4.21,3.0,3.88,4.19,4.26,4.67,4.66,4.11,4.41,3.45,3.85,4.12,4.6,4.49,4.6,3.76,4.57,4.56,4.55,5.92,X,X,X,X,X,X,X,X,X,X,X,X,X,X,X,X,X,X,X,X,X,X,X,X,X,X,X,X,X,X,X,X,X,X,X,X,X,X,X,X,X,X,X,X,X,X,X,X,X,X,X,X,X,X,X,X,X,X,X,X,X,X,X,X,X,X,X,X,X,X,X,X,X,X,X,X,X,X,X,X,X,X,X,X,X,X,X,X,X,X,X,X,X,X,X,X,X,X,X,X,X,X,X,X,X,X,X,X,X,X,X,X,X,X,X,X,X,X
4.09,5.55,4.0,3.33,3.29,4.52,3.96,3.92,3.78,3.86,4.94,4.42,4.05,3.9,4.45,4.49,4.63,4.29,3.79,4.2,4.08,3.72,4.19,4.33,4.26,4.35,5.09,4.94,3.83,4.03,4.6,4.1,4.46,4.09,4.35,4.2,3.86,3.7,3.92,4.51,4.24,4.2,4.23,4.97,4.75,3.79,5.5,4.35,X,X,X,X,X,X,X,X,X,X,X,X,X,X,X,X,X,X,X,X,X,X,X,X,X,X,X,X,X,X,X,X,X,X,X,X,X,X,X,X,X,X,X,X,X,X,X,X,X,X,X,X,X,X,X,X,X,X,X,X,X,X,X,X,X,X,X,X,X,X,X,X,X,X,X,X,X,X,X,X,X,X,X,X,X,X,X,X,X,X,X,X,X,X,X,X,X,X,X,X,X,X,X,X,X,X,X,X,X,X,X,X,X,X,X,X,X
3.64,5.74,3.79,3.96,3.48,3.47,3.85,3.47,3.37,3.42,4.14,3.72,3.51,4.04,3.72,3.36,4.11,3.36,3.54,3.72,2.73,2.74,3.83,4.2,4.31,3.38,4.21,3.33,3.14,3.61,3.83,3.56,4.19,4.28,3.35,3.66,3.69,4.17,3.52,4.31,3.68,4.19,4.03,3.89,3.73,3.95,5.83,3.55,4.19,X,X,X,X,X,X,X,X,X,X,X,X,X,X,X,X,X,X,X,X,X,X,X,X,X,X,X,X,X,X,X,X,X,X,X,X,X,X,X,X,X,X,X,X,X,X,X,X,X,X,X,X,X,X,X,X,X,X,X,X,X,X,X,X,X,X,X,X,X,X,X,X,X,X,X,X,X,X,X,X,X,X,X,X,X,X,X,X,X,X,X,X,X,X,X,X,X,X,X,X,X,X,X,X,X,X,X,X,X,X,X,X,X,X,X,X
4.17,5.63,4.13,3.53,4.28,4.43,3.9,4.26,4.26,3.86,4.46,4.45,4.75,4.1,4.62,3.94,4.9,3.89,4.34,4.53,4.43,4.18,4.29,4.16,4.33,4.12,4.79,4.8,4.04,3.81,4.28,4.79,4.44,4.63,4.36,3.84,3.98,4.37,3.68,4.06,4.17,4.4,3.76,4.97,3.94,4.29,5.1,4.33,4.07,4.54,X,X,X,X,X,X,X,X,X,X,X,X,X,X,X,X,X,X,X,X,X,X,X,X,X,X,X,X,X,X,X,X,X,X,X,X,X,X,X,X,X,X,X,X,X,X,X,X,X,X,X,X,X,X,X,X,X,X,X,X,X,X,X,X,X,X,X,X,X,X,X,X,X,X,X,X,X,X,X,X,X,X,X,X,X,X,X,X,X,X,X,X,X,X,X,X,X,X,X,X,X,X,X,X,X,X,X,X,X,X,X,X,X,X,X
4.5,5.89,4.22,4.23,4.53,4.26,3.81,4.11,4.23,4.26,4.24,4.04,4.37,4.5,4.47,3.9,4.5,4.22,4.65,4.31,3.9,3.81,4.16,4.27,4.79,3.67,4.72,4.51,3.72,4.43,4.6,4.11,4.64,5.09,4.35,4.23,3.86,4.32,4.21,4.23,4.11,4.59,3.82,4.6,3.83,4.55,6.02,4.13,4.52,3.96,4.37,X,X,X,X,X,X,X,X,X,X,X,X,X,X,X,X,X,X,X,X,X,X,X,X,X,X,X,X,X,X,X,X,X,X,X,X,X,X,X,X,X,X,X,X,X,X,X,X,X,X,X,X,X,X,X,X,X,X,X,X,X,X,X,X,X,X,X,X,X,X,X,X,X,X,X,X,X,X,X,X,X,X,X,X,X,X,X,X,X,X,X,X,X,X,X,X,X,X,X,X,X,X,X,X,X,X,X,X,X,X,X,X,X,X
3.52,5.29,3.79,3.11,2.95,4.07,3.62,3.54,3.21,3.12,4.51,3.44,3.51,3.63,3.74,3.69,4.34,3.94,3.41,3.83,3.53,3.05,3.8,4.2,4.42,3.61,4.88,4.17,3.53,3.4,4.19,3.66,3.95,3.66,3.37,3.67,3.26,3.7,3.1,4.05,3.67,3.69,3.81,4.62,4.25,3.14,5.4,3.94,3.16,3.38,4.18,4.16,X,X,X,X,X,X,X,X,X,X,X,X,X,X,X,X,X,X,X,X,X,X,X,X,X,X,X,X,X,X,X,X,X,X,X,X,X,X,X,X,X,X,X,X,X,X,X,X,X,X,X,X,X,X,X,X,X,X,X,X,X,X,X,X,X,X,X,X,X,X,X,X,X,X,X,X,X,X,X,X,X,X,X,X,X,X,X,X,X,X,X,X,X,X,X,X,X,X,X,X,X,X,X,X,X,X,X,X,X,X,X,X,X
3.51,5.57,4.09,4.1,3.86,3.59,4.0,3.73,3.49,3.23,4.09,3.4,3.93,4.04,3.72,3.13,4.0,3.36,3.72,3.64,3.22,3.55,3.84,4.25,4.81,3.3,4.4,3.52,3.24,3.76,4.09,3.72,4.41,4.34,3.76,4.18,3.54,4.02,3.39,4.3,3.67,4.5,4.22,4.16,3.81,3.79,5.66,3.79,4.48,3.09,4.34,4.27,3.56,X,X,X,X,X,X,X,X,X,X,X,X,X,X,X,X,X,X,X,X,X,X,X,X,X,X,X,X,X,X,X,X,X,X,X,X,X,X,X,X,X,X,X,X,X,X,X,X,X,X,X,X,X,X,X,X,X,X,X,X,X,X,X,X,X,X,X,X,X,X,X,X,X,X,X,X,X,X,X,X,X,X,X,X,X,X,X,X,X,X,X,X,X,X,X,X,X,X,X,X,X,X,X,X,X,X,X,X,X,X,X,X
4.15,5.92,4.29,4.33,4.23,3.61,4.27,3.31,3.55,4.2,4.03,4.19,4.33,4.39,4.1,3.35,3.67,3.38,4.02,3.61,3.71,3.97,3.84,4.0,4.9,3.83,3.79,4.46,3.17,4.12,4.09,4.18,4.87,4.84,4.47,4.97,3.61,3.65,4.35,4.65,4.33,4.89,4.39,4.51,4.34,4.73,6.17,3.44,4.57,3.99,4.62,4.46,4.42,3.93,X,X,X,X,X,X,X,X,X,X,X,X,X,X,X,X,X,X,X,X,X,X,X,X,X,X,X,X,X,X,X,X,X,X,X,X,X,X,X,X,X,X,X,X,X,X,X,X,X,X,X,X,X,X,X,X,X,X,X,X,X,X,X,X,X,X,X,X,X,X,X,X,X,X,X,X,X,X,X,X,X,X,X,X,X,X,X,X,X,X,X,X,X,X,X,X,X,X,X,X,X,X,X,X,X,X,X,X,X,X,X
4.98,5.89,4.93,4.26,4.78,5.19,4.34,4.9,4.82,4.7,5.37,5.16,5.16,4.86,5.24,4.97,5.44,4.95,5.1,5.25,5.35,4.98,4.74,4.7,4.73,5.02,5.0,5.55,4.81,4.83,5.12,5.15,5.02,4.94,5.06,4.63,4.68,4.72,4.75,4.61,4.54,5.0,5.02,5.29,4.79,4.79,5.93,5.15,4.36,5.3,4.18,4.68,4.67,5.25,5.24,X,X,X,X,X,X,X,X,X,X,X,X,X,X,X,X,X,X,X,X,X,X,X,X,X,X,X,X,X,X,X,X,X,X,X,X,X,X,X,X,X,X,X,X,X,X,X,X,X,X,X,X,X,X,X,X,X,X,X,X,X,X,X,X,X,X,X,X,X,X,X,X,X,X,X,X,X,X,X,X,X,X,X,X,X,X,X,X,X,X,X,X,X,X,X,X,X,X,X,X,X,X,X,X,X,X,X,X,X,X
4.21,5.84,3.69,3.78,3.79,4.12,4.05,3.73,3.37,4.38,4.71,4.34,4.32,4.47,4.03,4.1,4.42,4.06,4.22,4.22,4.35,4.03,4.03,4.23,4.48,4.07,4.5,4.87,3.74,4.12,4.39,4.11,4.57,4.45,4.47,4.72,3.48,3.28,4.24,4.66,4.28,4.83,4.7,4.78,4.75,4.31,6.19,4.32,3.86,4.22,4.7,4.54,3.73,4.42,4.01,4.69,X,X,X,X,X,X,X,X,X,X,X,X,X,X,X,X,X,X,X,X,X,X,X,X,X,X,X,X,X,X,X,X,X,X,X,X,X,X,X,X,X,X,X,X,X,X,X,X,X,X,X,X,X,X,X,X,X,X,X,X,X,X,X,X,X,X,X,X,X,X,X,X,X,X,X,X,X,X,X,X,X,X,X,X,X,X,X,X,X,X,X,X,X,X,X,X,X,X,X,X,X,X,X,X,X,X,X,X,X
3.06,5.11,3.31,3.09,3.11,3.52,3.87,3.38,2.73,3.68,4.16,3.36,3.37,3.62,3.25,3.21,3.92,3.43,2.99,3.39,3.1,3.06,3.85,3.68,4.29,3.17,4.45,3.72,2.72,3.48,3.93,2.89,4.08,3.93,3.52,4.06,3.16,3.26,3.26,4.03,3.59,3.98,3.91,4.05,4.01,3.6,5.75,3.83,3.58,3.17,4.25,4.18,2.88,3.31,3.95,4.96,3.55,X,X,X,X,X,X,X,X,X,X,X,X,X,X,X,X,X,X,X,X,X,X,X,X,X,X,X,X,X,X,X,X,X,X,X,X,X,X,X,X,X,X,X,X,X,X,X,X,X,X,X,X,X,X,X,X,X,X,X,X,X,X,X,X,X,X,X,X,X,X,X,X,X,X,X,X,X,X,X,X,X,X,X,X,X,X,X,X,X,X,X,X,X,X,X,X,X,X,X,X,X,X,X,X,X,X,X,X
3.8,5.93,4.16,4.09,4.36,3.38,4.04,3.37,3.27,4.03,4.34,4.29,4.26,4.53,3.39,3.26,3.44,3.71,4.07,3.95,3.74,4.15,3.82,4.14,4.88,3.46,4.45,4.43,3.06,4.26,4.44,3.99,4.89,4.89,4.44,4.69,3.05,3.51,4.02,4.8,4.31,4.7,4.29,4.44,4.39,4.25,6.18,3.75,4.32,3.97,4.46,4.28,4.01,3.59,3.34,5.05,3.86,3.58,X,X,X,X,X,X,X,X,X,X,X,X,X,X,X,X,X,X,X,X,X,X,X,X,X,X,X,X,X,X,X,X,X,X,X,X,X,X,X,X,X,X,X,X,X,X,X,X,X,X,X,X,X,X,X,X,X,X,X,X,X,X,X,X,X,X,X,X,X,X,X,X,X,X,X,X,X,X,X,X,X,X,X,X,X,X,X,X,X,X,X,X,X,X,X,X,X,X,X,X,X,X,X,X,X,X,X
4.7,5.85,4.89,4.23,4.25,5.29,4.51,4.92,4.9,4.55,5.4,5.23,4.86,4.7,5.33,5.45,5.43,5.28,4.82,5.11,4.99,4.56,5.13,5.1,4.48,5.25,5.03,5.38,4.92,5.05,5.1,4.95,4.74,4.74,4.8,4.57,4.91,4.84,4.65,4.99,4.87,4.76,5.15,5.18,5.17,4.74,6.02,5.23,3.7,4.9,4.9,5.14,4.37,5.27,5.42,4.63,4.65,4.61,5.35,X,X,X,X,X,X,X,X,X,X,X,X,X,X,X,X,X,X,X,X,X,X,X,X,X,X,X,X,X,X,X,X,X,X,X,X,X,X,X,X,X,X,X,X,X,X,X,X,X,X,X,X,X,X,X,X,X,X,X,X,X,X,X,X,X,X,X,X,X,X,X,X,X,X,X,X,X,X,X,X,X,X,X,X,X,X,X,X,X,X,X,X,X,X,X,X,X,X,X,X,X,X,X,X,X,X
4.11,5.8,3.82,4.22,3.87,4.11,4.3,3.96,3.69,4.06,4.31,4.23,4.13,4.32,4.27,3.45,4.45,3.53,4.03,3.71,3.74,3.98,3.71,3.6,4.78,3.77,3.76,3.82,3.42,4.09,3.2,4.21,4.35,4.68,3.67,3.91,3.94,4.12,3.97,3.98,4.2,4.46,4.65,4.33,3.65,4.53,5.85,3.96,4.72,3.72,4.34,4.65,4.46,4.08,3.98,5.08,4.63,3.99,4.4,5.16,X,X,X,X,X,X,X,X,X,X,X,X,X,X,X,X,X,X,X,X,X,X,X,X,X,X,X,X,X,X,X,X,X,X,X,X,X,X,X,X,X,X,X,X,X,X,X,X,X,X,X,X,X,X,X,X,X,X,X,X,X,X,X,X,X,X,X,X,X,X,X,X,X,X,X,X,X,X,X,X,X,X,X,X,X,X,X,X,X,X,X,X,X,X,X,X,X,X,X,X,X,X,X,X,X
3.63,5.57,3.57,3.84,3.38,3.5,3.63,3.64,2.84,3.57,3.75,3.6,3.94,3.86,3.24,3.1,3.94,3.21,3.61,3.58,3.08,2.86,3.55,4.05,4.47,3.54,3.77,3.54,3.15,3.77,3.7,3.77,4.18,4.41,3.63,4.07,3.21,3.78,3.55,3.9,3.44,4.37,4.44,3.9,3.44,4.13,5.84,3.53,4.34,2.75,4.37,4.09,3.74,3.29,3.24,5.08,3.91,3.27,3.39,5.01,3.45,X,X,X,X,X,X,X,X,X,X,X,X,X,X,X,X,X,X,X,X,X,X,X,X,X,X,X,X,X,X,X,X,X,X,X,X,X,X,X,X,X,X,X,X,X,X,X,X,X,X,X,X,X,X,X,X,X,X,X,X,X,X,X,X,X,X,X,X,X,X,X,X,X,X,X,X,X,X,X,X,X,X,X,X,X,X,X,X,X,X,X,X,X,X,X,X,X,X,X,X,X,X,X,X
3.66,5.66,3.92,4.22,4.35,3.39,4.59,3.93,3.54,3.95,4.1,4.26,3.96,4.52,3.71,3.08,4.28,3.79,4.0,4.12,3.2,3.98,4.09,4.28,4.88,3.75,4.34,4.22,3.53,4.16,3.96,4.03,4.65,4.56,4.19,4.56,3.87,4.22,3.71,4.66,4.34,4.58,4.31,4.06,3.88,4.1,5.84,4.01,4.79,3.71,4.26,4.61,4.32,3.78,4.04,5.31,4.43,3.81,3.93,5.37,4.02,3.52,X,X,X,X,X,X,X,X,X,X,X,X,X,X,X,X,X,X,X,X,X,X,X,X,X,X,X,X,X,X,X,X,X,X,X,X,X,X,X,X,X,X,X,X,X,X,X,X,X,X,X,X,X,X,X,X,X,X,X,X,X,X,X,X,X,X,X,X,X,X,X,X,X,X,X,X,X,X,X,X,X,X,X,X,X,X,X,X,X,X,X,X,X,X,X,X,X,X,X,X,X,X,X
3.63,5.42,4.06,3.58,3.97,3.91,4.52,3.65,2.97,3.85,4.28,4.09,3.64,4.42,3.54,3.67,4.16,3.79,3.81,3.53,3.62,4.06,3.84,3.66,4.46,3.73,4.22,4.04,3.39,4.15,3.98,3.63,4.41,4.27,3.9,4.56,3.34,3.78,3.81,4.39,4.33,4.46,4.51,4.28,4.26,4.1,5.96,3.98,4.35,3.77,4.55,4.7,3.77,3.78,4.05,5.09,4.08,3.06,3.84,4.92,3.76,3.52,3.78,X,X,X,X,X,X,X,X,X,X,X,X,X,X,X,X,X,X,X,X,X,X,X,X,X,X,X,X,X,X,X,X,X,X,X,X,X,X,X,X,X,X,X,X,X,X,X,X,X,X,X,X,X,X,X,X,X,X,X,X,X,X,X,X,X,X,X,X,X,X,X,X,X,X,X,X,X,X,X,X,X,X,X,X,X,X,X,X,X,X,X,X,X,X,X,X,X,X,X,X,X,X
3.78,5.49,4.0,3.77,3.82,4.16,3.9,4.05,3.54,3.66,4.6,3.8,3.5,3.96,3.85,3.67,4.43,4.1,3.91,4.21,3.59,3.39,4.25,4.38,4.46,3.62,5.06,4.49,3.53,4.13,4.49,3.8,4.62,4.38,3.91,3.91,3.61,3.95,3.51,4.35,3.6,3.68,4.12,4.5,4.0,3.72,5.58,4.28,3.21,3.79,4.09,4.16,3.11,3.89,4.55,4.6,4.21,3.2,3.96,4.56,4.46,4.12,4.41,4.07,X,X,X,X,X,X,X,X,X,X,X,X,X,X,X,X,X,X,X,X,X,X,X,X,X,X,X,X,X,X,X,X,X,X,X,X,X,X,X,X,X,X,X,X,X,X,X,X,X,X,X,X,X,X,X,X,X,X,X,X,X,X,X,X,X,X,X,X,X,X,X,X,X,X,X,X,X,X,X,X,X,X,X,X,X,X,X,X,X,X,X,X,X,X,X,X,X,X,X,X,X
4.18,5.64,4.0,3.65,4.1,4.18,3.84,4.0,3.99,3.49,4.48,4.24,4.38,3.97,4.41,3.61,4.67,3.68,4.15,4.15,3.96,3.69,4.03,4.12,4.3,3.86,4.72,4.54,3.75,3.82,4.28,4.49,4.43,4.62,4.14,3.61,3.66,4.14,3.6,4.19,3.77,4.15,3.34,4.84,3.82,4.22,5.29,3.7,3.88,4.01,2.86,3.81,3.69,4.03,4.39,4.44,4.46,4.06,4.2,4.85,4.24,4.15,4.17,4.43,3.77,X,X,X,X,X,X,X,X,X,X,X,X,X,X,X,X,X,X,X,X,X,X,X,X,X,X,X,X,X,X,X,X,X,X,X,X,X,X,X,X,X,X,X,X,X,X,X,X,X,X,X,X,X,X,X,X,X,X,X,X,X,X,X,X,X,X,X,X,X,X,X,X,X,X,X,X,X,X,X,X,X,X,X,X,X,X,X,X,X,X,X,X,X,X,X,X,X,X,X,X
3.66,5.67,3.5,3.8,3.25,3.39,3.77,3.4,3.24,3.54,3.99,3.69,3.77,3.71,3.73,3.28,4.01,3.33,3.55,3.6,3.09,2.85,3.64,4.13,4.27,3.28,4.21,3.36,3.07,3.5,3.68,3.31,3.92,4.14,3.77,3.77,3.53,3.93,3.35,4.11,3.5,4.29,4.0,3.77,3.57,3.95,5.84,3.76,4.2,2.53,4.38,3.99,3.65,3.23,3.96,5.15,4.02,2.91,3.89,4.87,3.69,2.84,3.84,3.68,3.81,4.02,X,X,X,X,X,X,X,X,X,X,X,X,X,X,X,X,X,X,X,X,X,X,X,X,X,X,X,X,X,X,X,X,X,X,X,X,X,X,X,X,X,X,X,X,X,X,X,X,X,X,X,X,X,X,X,X,X,X,X,X,X,X,X,X,X,X,X,X,X,X,X,X,X,X,X,X,X,X,X,X,X,X,X,X,X,X,X,X,X,X,X,X,X,X,X,X,X,X,X
3.4,5.48,3.43,3.63,3.05,3.29,3.47,3.27,2.77,3.01,3.99,3.37,3.74,3.73,3.5,2.58,3.97,2.97,3.39,3.2,2.75,2.88,2.99,3.81,4.23,2.86,3.98,3.2,2.75,3.4,3.47,3.37,3.85,4.05,3.13,3.64,2.88,3.63,3.01,3.62,3.2,4.02,4.02,3.71,3.2,3.67,5.49,3.37,3.96,2.53,3.91,3.79,3.15,2.56,3.52,4.87,3.85,2.8,3.23,4.95,3.38,2.26,3.5,3.4,3.47,3.55,2.49,X,X,X,X,X,X,X,X,X,X,X,X,X,X,X,X,X,X,X,X,X,X,X,X,X,X,X,X,X,X,X,X,X,X,X,X,X,X,X,X,X,X,X,X,X,X,X,X,X,X,X,X,X,X,X,X,X,X,X,X,X,X,X,X,X,X,X,X,X,X,X,X,X,X,X,X,X,X,X,X,X,X,X,X,X,X,X,X,X,X,X,X,X,X,X,X,X,X
3.71,5.73,3.38,3.1,3.77,3.3,3.57,3.09,2.73,3.52,3.72,3.66,3.89,4.07,3.46,2.96,3.9,3.14,3.94,3.24,3.49,3.62,3.33,3.45,4.41,3.04,4.28,4.03,2.77,3.7,3.99,3.58,4.33,4.47,3.96,3.92,2.16,3.11,3.44,3.94,3.92,4.3,3.67,4.34,3.78,3.84,5.67,3.15,3.88,3.56,3.65,3.41,3.34,3.35,3.6,4.64,3.66,3.15,3.0,4.97,3.91,3.16,3.87,3.6,3.59,3.28,3.29,2.7,X,X,X,X,X,X,X,X,X,X,X,X,X,X,X,X,X,X,X,X,X,X,X,X,X,X,X,X,X,X,X,X,X,X,X,X,X,X,X,X,X,X,X,X,X,X,X,X,X,X,X,X,X,X,X,X,X,X,X,X,X,X,X,X,X,X,X,X,X,X,X,X,X,X,X,X,X,X,X,X,X,X,X,X,X,X,X,X,X,X,X,X,X,X,X,X,X
4.69,6.15,3.95,4.59,4.17,4.25,4.44,4.08,4.33,4.67,4.8,4.33,4.85,4.83,4.39,3.74,4.27,4.05,4.21,3.96,4.31,4.3,3.6,4.57,5.06,4.05,4.73,4.67,3.98,4.43,4.41,4.71,4.91,5.02,4.44,4.77,3.97,4.09,4.38,4.66,4.42,4.82,4.33,4.9,4.31,4.81,6.03,4.32,4.63,4.48,4.33,4.54,4.51,4.53,4.09,5.34,4.41,4.38,4.0,5.57,4.16,4.03,4.37,4.7,4.72,4.14,4.27,3.79,3.91,X,X,X,X,X,X,X,X,X,X,X,X,X,X,X,X,X,X,X,X,X,X,X,X,X,X,X,X,X,X,X,X,X,X,X,X,X,X,X,X,X,X,X,X,X,X,X,X,X,X,X,X,X,X,X,X,X,X,X,X,X,X,X,X,X,X,X,X,X,X,X,X,X,X,X,X,X,X,X,X,X,X,X,X,X,X,X,X,X,X,X,X,X,X,X,X
4.0,5.42,3.78,4.02,3.51,3.86,3.67,3.69,3.38,3.44,4.15,3.54,4.12,3.67,4.06,2.88,4.31,3.6,3.83,3.75,3.37,3.33,3.46,4.1,4.7,3.51,4.46,3.62,3.4,3.68,3.56,3.83,4.13,4.39,3.57,3.75,3.47,3.99,3.51,3.77,3.05,4.15,3.96,4.25,2.8,4.07,5.39,4.0,4.18,3.24,3.64,3.82,3.59,3.3,3.96,4.8,4.31,3.41,3.89,5.09,3.37,3.12,3.86,4.02,3.58,3.3,3.01,2.26,3.19,3.82,X,X,X,X,X,X,X,X,X,X,X,X,X,X,X,X,X,X,X,X,X,X,X,X,X,X,X,X,X,X,X,X,X,X,X,X,X,X,X,X,X,X,X,X,X,X,X,X,X,X,X,X,X,X,X,X,X,X,X,X,X,X,X,X,X,X,X,X,X,X,X,X,X,X,X,X,X,X,X,X,X,X,X,X,X,X,X,X,X,X,X,X,X,X,X
4.39,6.01,3.95,3.98,4.39,4.57,4.76,4.08,4.1,4.13,4.6,4.66,4.35,4.56,4.32,4.02,4.49,3.61,4.56,4.31,4.36,4.42,4.31,4.0,4.74,4.24,4.57,4.93,4.07,4.06,4.25,4.7,4.6,4.5,4.57,4.45,4.23,4.09,3.91,4.22,4.86,4.86,4.47,4.8,4.68,4.23,5.66,4.0,4.46,4.54,4.36,4.92,4.56,4.52,4.21,5.18,4.55,4.31,4.24,5.32,4.21,3.89,4.22,4.28,4.77,4.36,4.31,4.14,3.95,4.44,4.54,X,X,X,X,X,X,X,X,X,X,X,X,X,X,X,X,X,X,X,X,X,X,X,X,X,X,X,X,X,X,X,X,X,X,X,X,X,X,X,X,X,X,X,X,X,X,X,X,X,X,X,X,X,X,X,X,X,X,X,X,X,X,X,X,X,X,X,X,X,X,X,X,X,X,X,X,X,X,X,X,X,X,X,X,X,X,X,X,X,X,X,X,X,X
4.22,5.89,3.1,3.72,3.76,3.87,4.59,3.58,2.94,3.84,4.23,3.77,3.63,4.35,3.62,3.15,4.16,2.86,3.69,3.25,3.36,3.62,3.65,3.47,4.31,3.36,4.4,4.29,3.28,3.89,3.64,3.73,4.56,4.47,3.83,4.17,3.12,3.42,3.98,4.1,4.16,4.39,3.82,4.67,4.15,4.55,5.85,3.15,4.16,3.57,4.23,4.09,3.63,3.91,3.61,5.19,3.92,3.47,4.01,5.16,3.63,3.48,3.88,3.75,3.87,3.59,3.59,3.37,3.02,4.04,3.67,3.84,X,X,X,X,X,X,X,X,X,X,X,X,X,X,X,X,X,X,X,X,X,X,X,X,X,X,X,X,X,X,X,X,X,X,X,X,X,X,X,X,X,X,X,X,X,X,X,X,X,X,X,X,X,X,X,X,X,X,X,X,X,X,X,X,X,X,X,X,X,X,X,X,X,X,X,X,X,X,X,X,X,X,X,X,X,X,X,X,X,X,X,X,X
4.16,5.8,4.44,3.61,4.11,4.45,4.18,4.09,4.49,3.88,4.24,4.27,4.4,4.25,4.75,4.14,4.7,3.91,4.45,4.12,4.4,4.19,4.28,3.93,4.62,4.02,4.65,4.71,3.94,3.78,4.28,4.68,4.24,4.34,4.21,4.1,4.12,4.44,3.6,4.01,4.54,4.35,4.02,4.92,4.46,3.99,5.39,3.87,4.43,4.41,3.71,4.46,3.94,4.21,4.43,4.86,4.79,4.3,4.61,5.15,4.42,4.36,4.65,4.6,4.59,3.84,4.34,3.96,3.73,4.53,4.32,4.0,4.23,X,X,X,X,X,X,X,X,X,X,X,X,X,X,X,X,X,X,X,X,X,X,X,X,X,X,X,X,X,X,X,X,X,X,X,X,X,X,X,X,X,X,X,X,X,X,X,X,X,X,X,X,X,X,X,X,X,X,X,X,X,X,X,X,X,X,X,X,X,X,X,X,X,X,X,X,X,X,X,X,X,X,X,X,X,X,X,X,X,X,X,X
3.6,5.54,3.55,3.42,3.34,3.47,4.03,3.28,2.95,3.47,3.96,3.36,3.43,4.04,3.42,3.29,4.14,3.13,3.35,3.13,3.01,3.45,3.57,3.56,4.29,3.22,4.15,3.72,3.12,3.27,3.74,3.1,4.06,3.85,3.42,4.05,3.13,3.57,3.39,3.92,3.7,4.36,4.07,3.98,3.78,3.91,5.75,3.7,3.99,2.88,4.17,4.16,3.32,3.16,3.9,4.94,3.94,2.82,3.93,4.81,3.65,3.08,3.63,3.29,3.72,3.91,2.92,2.74,3.21,4.44,3.32,4.14,3.22,4.07,X,X,X,X,X,X,X,X,X,X,X,X,X,X,X,X,X,X,X,X,X,X,X,X,X,X,X,X,X,X,X,X,X,X,X,X,X,X,X,X,X,X,X,X,X,X,X,X,X,X,X,X,X,X,X,X,X,X,X,X,X,X,X,X,X,X,X,X,X,X,X,X,X,X,X,X,X,X,X,X,X,X,X,X,X,X,X,X,X,X,X
4.33,5.58,4.6,4.26,4.16,3.81,3.9,3.92,3.87,4.15,4.03,3.92,4.59,4.08,4.26,4.02,4.33,3.94,4.19,3.75,3.76,3.83,3.93,4.28,4.7,4.0,4.16,3.89,3.67,4.31,4.27,4.03,4.38,4.56,4.2,4.59,3.79,4.31,4.12,4.42,4.15,4.87,4.46,4.22,4.08,4.64,6.01,3.91,4.65,3.6,4.64,4.13,4.31,3.68,3.76,5.22,4.42,3.91,4.17,5.16,4.28,3.25,4.47,4.13,4.61,4.43,3.52,3.2,3.77,4.62,3.83,4.91,4.29,4.58,3.74,X,X,X,X,X,X,X,X,X,X,X,X,X,X,X,X,X,X,X,X,X,X,X,X,X,X,X,X,X,X,X,X,X,X,X,X,X,X,X,X,X,X,X,X,X,X,X,X,X,X,X,X,X,X,X,X,X,X,X,X,X,X,X,X,X,X,X,X,X,X,X,X,X,X,X,X,X,X,X,X,X,X,X,X,X,X,X,X,X,X
4.17,5.75,3.69,3.86,3.88,3.4,4.37,3.54,3.25,3.99,4.21,3.91,3.83,4.29,3.52,3.25,4.09,3.56,3.77,3.12,3.68,3.74,3.81,3.83,4.2,3.63,4.33,4.26,3.25,3.93,4.11,4.07,4.54,4.31,3.69,4.47,3.21,3.53,3.97,4.5,4.24,4.45,3.85,4.64,4.6,4.41,5.92,2.83,3.94,3.63,4.29,4.5,3.43,3.87,3.65,5.26,3.65,3.27,3.8,4.94,4.14,3.63,3.92,3.78,3.96,3.81,3.85,3.37,3.48,4.03,4.03,4.26,3.03,4.18,3.5,4.03,X,X,X,X,X,X,X,X,X,X,X,X,X,X,X,X,X,X,X,X,X,X,X,X,X,X,X,X,X,X,X,X,X,X,X,X,X,X,X,X,X,X,X,X,X,X,X,X,X,X,X,X,X,X,X,X,X,X,X,X,X,X,X,X,X,X,X,X,X,X,X,X,X,X,X,X,X,X,X,X,X,X,X,X,X,X,X,X,X
3.85,5.54,4.18,3.81,3.88,4.23,4.33,4.21,3.96,3.78,3.95,3.87,4.24,3.72,4.29,4.0,4.57,3.9,4.02,3.92,3.73,3.85,4.19,4.17,4.64,3.9,4.72,4.08,3.96,3.85,3.86,3.96,3.71,3.97,3.82,4.16,3.94,4.1,3.4,4.02,4.32,4.59,4.15,4.33,3.92,3.92,5.59,4.29,4.43,3.98,4.18,4.52,3.87,3.96,4.47,5.24,4.52,3.61,4.51,5.03,4.02,3.88,4.27,4.0,4.34,4.23,3.67,3.54,3.78,4.53,3.81,4.21,4.03,3.9,3.64,4.18,4.15,X,X,X,X,X,X,X,X,X,X,X,X,X,X,X,X,X,X,X,X,X,X,X,X,X,X,X,X,X,X,X,X,X,X,X,X,X,X,X,X,X,X,X,X,X,X,X,X,X,X,X,X,X,X,X,X,X,X,X,X,X,X,X,X,X,X,X,X,X,X,X,X,X,X,X,X,X,X,X,X,X,X,X,X,X,X,X,X
3.89,5.63,3.37,3.62,3.69,3.77,4.13,3.56,3.42,3.8,4.23,3.61,4.29,3.89,3.92,3.39,4.19,3.22,3.7,3.75,3.68,3.54,3.91,4.0,4.36,3.55,4.62,3.95,3.42,3.36,4.02,3.88,4.13,4.29,3.99,3.99,3.49,3.73,3.51,3.95,4.08,4.55,3.45,4.39,4.05,4.14,5.57,3.65,4.3,3.76,3.74,4.23,3.64,3.65,4.0,5.07,4.17,3.14,3.89,5.22,4.07,3.66,4.13,3.77,4.01,3.55,3.36,3.04,3.06,4.06,3.41,3.88,3.39,4.01,3.4,4.12,3.65,3.57,X,X,X,X,X,X,X,X,X,X,X,X,X,X,X,X,X,X,X,X,X,X,X,X,X,X,X,X,X,X,X,X,X,X,X,X,X,X,X,X,X,X,X,X,X,X,X,X,X,X,X,X,X,X,X,X,X,X,X,X,X,X,X,X,X,X,X,X,X,X,X,X,X,X,X,X,X,X,X,X,X,X,X,X,X,X,X
4.09,5.75,4.21,4.36,4.47,4.07,4.62,4.3,3.69,3.87,4.0,4.31,4.11,4.23,3.86,3.68,4.41,3.96,4.17,4.35,3.43,3.77,4.44,4.28,4.81,3.96,4.32,4.37,3.83,4.28,3.95,4.38,4.57,4.78,4.1,4.52,4.06,4.36,4.04,4.5,4.49,4.77,4.58,4.46,4.08,4.55,6.0,3.99,4.73,3.75,4.56,4.44,4.34,4.08,3.85,5.45,4.45,3.97,3.94,5.35,4.1,3.07,3.68,3.97,4.44,4.33,4.03,3.68,4.07,4.65,4.11,4.29,3.71,4.76,3.97,4.2,3.94,4.23,4.3,X,X,X,X,X,X,X,X,X,X,X,X,X,X,X,X,X,X,X,X,X,X,X,X,X,X,X,X,X,X,X,X,X,X,X,X,X,X,X,X,X,X,X,X,X,X,X,X,X,X,X,X,X,X,X,X,X,X,X,X,X,X,X,X,X,X,X,X,X,X,X,X,X,X,X,X,X,X,X,X,X,X,X,X,X,X
4.99,6.3,4.49,4.3,4.71,4.78,4.85,4.42,4.53,4.91,4.77,4.91,4.68,5.19,4.39,4.97,4.66,4.62,4.92,4.67,4.98,5.0,4.72,4.4,4.94,4.6,5.03,4.97,4.53,4.84,4.87,4.76,4.96,4.99,4.76,4.94,4.3,4.64,4.87,4.68,5.07,5.22,4.81,4.89,4.93,4.95,6.57,4.75,4.84,4.8,4.88,4.61,4.78,4.97,4.99,5.0,4.71,4.56,4.6,5.14,4.93,4.58,5.1,4.44,4.97,4.84,4.65,4.6,4.27,4.93,4.9,4.8,4.72,4.84,4.38,4.88,4.81,4.82,4.5,4.96,X,X,X,X,X,X,X,X,X,X,X,X,X,X,X,X,X,X,X,X,X,X,X,X,X,X,X,X,X,X,X,X,X,X,X,X,X,X,X,X,X,X,X,X,X,X,X,X,X,X,X,X,X,X,X,X,X,X,X,X,X,X,X,X,X,X,X,X,X,X,X,X,X,X,X,X,X,X,X,X,X,X,X,X,X
3.49,5.58,4.05,3.94,4.02,3.16,3.8,3.47,3.0,3.81,4.14,3.86,3.78,4.04,2.92,3.06,3.54,3.48,3.57,3.81,3.22,3.58,3.93,3.89,4.67,2.88,4.28,3.79,2.6,3.75,4.05,3.3,4.28,4.39,4.14,4.29,3.36,3.88,3.51,4.59,4.07,4.39,4.15,3.89,3.97,3.85,6.01,3.65,4.4,3.22,4.48,4.06,3.71,3.41,4.09,5.06,4.24,3.06,3.37,5.08,3.99,3.02,3.8,3.51,3.81,4.23,3.11,3.01,3.42,4.49,3.67,4.34,3.98,4.59,3.34,3.7,3.87,3.98,3.63,3.81,4.46,X,X,X,X,X,X,X,X,X,X,X,X,X,X,X,X,X,X,X,X,X,X,X,X,X,X,X,X,X,X,X,X,X,X,X,X,X,X,X,X,X,X,X,X,X,X,X,X,X,X,X,X,X,X,X,X,X,X,X,X,X,X,X,X,X,X,X,X,X,X,X,X,X,X,X,X,X,X,X,X,X,X,X,X
3.9,5.92,3.66,4.09,3.84,3.94,4.2,4.04,3.44,3.73,4.58,3.95,3.97,4.53,3.98,3.54,4.44,4.15,3.62,4.09,3.68,3.85,3.62,4.36,4.66,3.83,4.62,4.67,3.66,4.09,4.56,4.05,4.74,4.64,4.03,4.31,3.61,3.89,3.68,4.57,4.12,4.17,4.38,4.62,4.31,4.16,6.01,4.08,4.1,3.97,4.68,4.46,3.58,3.92,4.33,5.05,4.25,3.72,3.93,4.92,4.33,4.09,4.17,3.93,3.69,4.25,4.08,3.7,3.83,4.32,4.13,4.65,3.83,4.75,3.98,4.69,3.94,4.44,4.12,4.32,4.97,3.84,X,X,X,X,X,X,X,X,X,X,X,X,X,X,X,X,X,X,X,X,X,X,X,X,X,X,X,X,X,X,X,X,X,X,X,X,X,X,X,X,X,X,X,X,X,X,X,X,X,X,X,X,X,X,X,X,X,X,X,X,X,X,X,X,X,X,X,X,X,X,X,X,X,X,X,X,X,X,X,X,X,X,X
4.02,5.76,3.92,3.93,3.99,3.24,4.17,3.25,3.27,3.89,4.04,3.97,4.09,4.19,3.55,2.97,3.78,3.0,3.81,2.81,3.51,3.83,3.48,3.78,4.56,3.1,3.85,3.84,2.72,3.94,3.7,3.93,4.42,4.52,4.16,4.52,3.1,3.75,3.81,4.6,4.22,4.79,4.05,4.27,4.21,4.39,5.86,3.04,4.35,3.58,4.14,4.36,3.95,3.59,3.39,5.24,4.02,3.44,3.54,5.22,3.55,3.26,3.79,3.51,4.23,3.82,3.41,2.93,3.12,3.59,3.66,4.25,3.28,4.13,3.44,3.61,2.92,3.96,3.35,3.98,4.76,3.4,4.07,X,X,X,X,X,X,X,X,X,X,X,X,X,X,X,X,X,X,X,X,X,X,X,X,X,X,X,X,X,X,X,X,X,X,X,X,X,X,X,X,X,X,X,X,X,X,X,X,X,X,X,X,X,X,X,X,X,X,X,X,X,X,X,X,X,X,X,X,X,X,X,X,X,X,X,X,X,X,X,X,X,X
3.92,5.2,4.41,3.68,4.05,4.52,4.04,4.3,3.76,3.94,4.26,4.2,4.03,3.7,4.08,4.31,4.55,4.5,4.07,4.29,4.06,3.89,4.42,4.31,4.92,4.37,4.74,4.49,4.06,4.39,4.41,4.04,4.4,4.27,4.38,4.28,4.05,4.33,3.78,4.4,4.03,4.25,4.72,4.6,3.98,4.07,5.92,4.69,4.19,4.26,4.61,4.71,3.92,4.38,4.51,4.87,4.49,3.66,4.47,4.65,4.23,3.78,4.44,3.82,4.03,4.48,4.02,4.12,4.13,5.13,4.09,4.69,4.25,4.82,3.97,4.46,4.56,4.35,4.5,4.12,4.89,4.02,4.42,4.43,X,X,X,X,X,X,X,X,X,X,X,X,X,X,X,X,X,X,X,X,X,X,X,X,X,X,X,X,X,X,X,X,X,X,X,X,X,X,X,X,X,X,X,X,X,X,X,X,X,X,X,X,X,X,X,X,X,X,X,X,X,X,X,X,X,X,X,X,X,X,X,X,X,X,X,X,X,X,X,X,X
3.9,6.01,3.74,3.93,3.51,3.46,4.0,3.0,3.14,3.68,4.36,3.97,3.8,4.18,3.66,3.2,3.52,3.15,3.59,3.7,3.21,3.47,3.18,3.86,4.53,3.47,4.05,3.81,2.94,3.42,3.53,3.96,4.27,4.4,3.9,4.17,3.59,3.94,3.65,4.32,3.95,4.29,4.36,4.16,3.94,4.13,5.83,3.52,4.38,3.12,4.41,4.48,3.74,3.58,3.71,5.11,4.23,3.66,3.76,5.18,3.42,2.68,3.65,3.9,4.3,4.18,3.13,2.81,3.66,3.71,3.38,3.8,3.54,4.21,3.29,3.98,3.73,4.08,3.71,3.95,4.64,3.19,3.98,3.38,4.28,X,X,X,X,X,X,X,X,X,X,X,X,X,X,X,X,X,X,X,X,X,X,X,X,X,X,X,X,X,X,X,X,X,X,X,X,X,X,X,X,X,X,X,X,X,X,X,X,X,X,X,X,X,X,X,X,X,X,X,X,X,X,X,X,X,X,X,X,X,X,X,X,X,X,X,X,X,X,X,X
4.53,5.8,4.22,4.26,4.33,4.3,4.82,4.38,4.15,4.35,4.61,4.27,4.69,4.28,4.56,4.16,4.89,4.08,4.38,4.3,4.4,4.3,4.36,4.45,4.83,4.24,5.07,4.45,4.15,3.88,4.51,4.4,4.45,4.48,4.5,4.58,4.3,4.27,4.11,4.42,4.71,5.04,4.22,4.94,4.68,4.35,5.67,4.1,4.67,4.37,4.39,4.75,4.19,4.05,4.85,5.27,4.76,4.05,4.76,5.47,4.57,4.45,4.58,4.38,4.71,4.19,4.13,3.91,3.98,4.89,4.31,4.4,4.23,4.21,4.06,4.59,4.32,3.97,3.58,4.77,4.95,4.29,4.71,4.32,5.03,4.24,X,X,X,X,X,X,X,X,X,X,X,X,X,X,X,X,X,X,X,X,X,X,X,X,X,X,X,X,X,X,X,X,X,X,X,X,X,X,X,X,X,X,X,X,X,X,X,X,X,X,X,X,X,X,X,X,X,X,X,X,X,X,X,X,X,X,X,X,X,X,X,X,X,X,X,X,X,X,X
4.07,5.58,3.53,4.22,3.59,3.86,3.58,3.98,3.52,3.97,3.96,3.79,4.17,3.64,3.96,3.43,4.48,3.88,4.11,4.14,3.55,3.08,3.92,4.53,4.83,3.84,4.32,4.04,3.55,4.02,4.12,3.87,4.39,4.63,4.27,4.04,3.78,4.18,3.65,4.38,3.5,4.41,4.52,4.16,3.37,4.08,5.75,4.17,4.27,3.4,4.6,4.22,3.95,3.79,3.97,4.99,4.01,3.72,4.18,4.89,3.8,2.82,3.98,4.21,3.99,4.22,3.2,3.18,3.59,4.62,3.31,4.44,3.85,4.67,3.66,4.06,4.21,4.18,4.02,4.02,5.15,3.83,4.21,3.97,3.9,3.56,4.58,X,X,X,X,X,X,X,X,X,X,X,X,X,X,X,X,X,X,X,X,X,X,X,X,X,X,X,X,X,X,X,X,X,X,X,X,X,X,X,X,X,X,X,X,X,X,X,X,X,X,X,X,X,X,X,X,X,X,X,X,X,X,X,X,X,X,X,X,X,X,X,X,X,X,X,X,X,X
3.66,5.54,3.66,3.47,3.8,3.04,3.87,3.17,2.96,3.64,3.61,3.84,3.86,3.98,3.27,3.0,3.9,3.42,3.85,3.01,3.4,3.63,3.52,3.58,4.58,3.13,4.21,3.8,2.66,3.73,4.03,3.3,4.23,4.36,4.0,4.33,2.63,3.18,3.6,4.31,4.03,4.52,3.84,4.16,3.97,3.94,5.85,3.22,3.91,3.48,4.09,3.84,3.48,3.4,3.56,4.96,3.65,2.8,3.15,4.86,3.82,3.14,3.8,3.34,3.75,3.71,3.16,2.81,2.15,4.11,3.35,4.21,3.42,4.11,3.06,3.67,3.26,3.68,3.24,4.0,4.38,3.23,4.06,2.93,4.02,3.76,4.07,3.61,X,X,X,X,X,X,X,X,X,X,X,X,X,X,X,X,X,X,X,X,X,X,X,X,X,X,X,X,X,X,X,X,X,X,X,X,X,X,X,X,X,X,X,X,X,X,X,X,X,X,X,X,X,X,X,X,X,X,X,X,X,X,X,X,X,X,X,X,X,X,X,X,X,X,X,X,X
3.85,5.83,3.95,4.29,4.17,3.71,4.39,4.08,3.61,4.03,4.22,4.26,4.05,4.6,3.75,3.42,4.2,3.95,4.03,4.14,3.6,3.81,3.85,4.18,4.73,3.9,4.01,4.05,3.38,3.94,4.03,4.26,4.61,4.7,4.0,4.42,4.05,4.3,3.81,4.48,4.41,4.63,4.57,4.25,3.95,4.27,6.0,3.98,4.91,3.51,4.61,4.72,4.37,3.84,4.27,5.35,4.61,3.87,3.93,5.39,3.56,3.14,3.45,3.71,4.47,4.57,3.65,3.29,4.07,4.38,3.9,4.09,4.19,4.55,3.71,4.4,4.23,4.31,4.16,3.72,4.83,3.46,4.08,3.84,4.39,3.29,4.56,3.94,3.99,X,X,X,X,X,X,X,X,X,X,X,X,X,X,X,X,X,X,X,X,X,X,X,X,X,X,X,X,X,X,X,X,X,X,X,X,X,X,X,X,X,X,X,X,X,X,X,X,X,X,X,X,X,X,X,X,X,X,X,X,X,X,X,X,X,X,X,X,X,X,X,X,X,X,X,X
3.93,5.85,3.41,3.55,3.84,3.24,4.03,3.37,3.25,3.26,3.97,3.83,3.92,4.16,3.63,2.89,4.15,2.87,3.75,3.13,3.1,3.4,3.18,3.59,4.15,3.09,3.98,3.98,2.9,3.69,3.83,3.85,4.41,4.51,3.65,3.79,2.89,3.61,3.52,4.09,3.96,4.33,3.45,4.29,3.95,4.12,5.67,2.71,3.97,3.18,3.57,3.56,3.38,3.29,3.55,4.83,3.82,3.35,3.31,5.02,3.66,3.27,3.69,3.52,3.66,2.81,3.38,2.63,2.33,3.69,3.29,4.09,2.75,3.84,3.22,3.75,2.94,3.93,3.09,3.6,4.5,3.52,3.55,2.59,4.42,3.64,3.96,3.81,2.72,3.75,X,X,X,X,X,X,X,X,X,X,X,X,X,X,X,X,X,X,X,X,X,X,X,X,X,X,X,X,X,X,X,X,X,X,X,X,X,X,X,X,X,X,X,X,X,X,X,X,X,X,X,X,X,X,X,X,X,X,X,X,X,X,X,X,X,X,X,X,X,X,X,X,X,X,X
4.15,5.83,4.28,4.15,4.36,3.98,4.38,3.99,3.79,4.29,4.43,4.03,3.76,4.52,3.66,3.9,4.33,3.91,4.18,3.88,3.77,4.06,4.43,4.17,4.88,3.4,4.96,4.27,3.55,4.29,4.61,3.59,4.71,4.59,4.27,4.6,3.86,4.39,4.13,4.7,4.39,4.41,4.37,4.48,4.51,4.3,6.01,4.03,4.52,3.63,4.92,4.19,3.8,3.94,4.69,5.4,4.64,3.46,4.41,5.25,4.61,4.06,4.43,4.02,4.01,4.59,3.78,3.76,3.86,5.14,4.29,4.87,4.0,4.62,3.52,4.37,4.0,4.37,4.17,4.57,4.71,3.5,4.33,4.07,4.49,4.16,4.61,4.39,3.77,4.48,3.98,X,X,X,X,X,X,X,X,X,X,X,X,X,X,X,X,X,X,X,X,X,X,X,X,X,X,X,X,X,X,X,X,X,X,X,X,X,X,X,X,X,X,X,X,X,X,X,X,X,X,X,X,X,X,X,X,X,X,X,X,X,X,X,X,X,X,X,X,X,X,X,X,X,X
3.81,5.67,3.75,3.38,3.54,4.29,3.83,3.81,3.66,3.85,4.52,4.06,4.08,4.46,4.23,4.1,4.34,4.12,3.8,4.18,4.2,3.93,3.77,3.93,4.17,3.99,4.48,4.42,3.67,4.28,4.19,4.3,4.45,4.4,3.68,4.18,3.39,3.7,3.69,4.0,3.97,4.11,4.37,4.63,4.17,4.02,5.94,4.39,3.93,4.07,4.17,4.5,3.67,4.09,4.32,4.63,3.88,3.53,3.85,4.49,4.25,3.97,4.46,3.7,4.04,4.24,3.93,3.49,3.62,4.15,3.92,4.45,4.26,4.24,3.89,4.38,3.99,4.1,3.92,4.61,4.25,4.07,3.84,4.06,4.43,4.08,4.66,4.47,3.78,4.22,3.82,4.51,X,X,X,X,X,X,X,X,X,X,X,X,X,X,X,X,X,X,X,X,X,X,X,X,X,X,X,X,X,X,X,X,X,X,X,X,X,X,X,X,X,X,X,X,X,X,X,X,X,X,X,X,X,X,X,X,X,X,X,X,X,X,X,X,X,X,X,X,X,X,X,X,X
4.23,6.15,4.52,3.83,4.69,4.44,4.64,3.94,4.07,4.38,4.72,4.8,4.32,4.99,4.71,4.33,4.44,3.9,4.5,4.21,4.29,4.7,4.08,3.57,4.57,4.14,4.46,5.07,3.68,4.36,4.47,4.44,4.93,4.89,4.75,4.86,4.07,3.94,4.41,4.5,4.85,4.64,4.7,4.88,4.85,4.61,6.11,4.19,4.59,4.69,4.46,4.67,4.58,4.59,4.4,4.81,4.6,4.24,4.49,5.13,4.4,4.56,4.5,4.32,4.78,4.4,4.53,4.34,3.92,4.73,4.72,4.23,4.17,4.16,4.24,4.92,4.46,4.48,4.31,4.85,4.79,4.44,4.53,4.33,4.89,4.04,4.5,4.84,4.15,4.7,4.15,4.68,4.24,X,X,X,X,X,X,X,X,X,X,X,X,X,X,X,X,X,X,X,X,X,X,X,X,X,X,X,X,X,X,X,X,X,X,X,X,X,X,X,X,X,X,X,X,X,X,X,X,X,X,X,X,X,X,X,X,X,X,X,X,X,X,X,X,X,X,X,X,X,X,X,X
3.47,5.37,3.29,3.17,2.7,4.27,3.77,3.75,3.36,3.8,4.58,3.63,3.85,3.74,3.9,3.9,4.43,3.9,3.06,3.94,3.75,3.32,4.01,4.14,4.53,3.67,4.86,4.38,3.47,3.51,4.31,3.43,4.08,3.97,4.1,4.07,3.49,3.58,3.25,4.24,3.86,4.15,4.11,4.57,4.32,3.52,5.69,4.45,3.2,3.81,4.42,4.41,2.84,3.91,4.52,4.77,3.79,2.84,4.21,4.29,4.39,3.89,4.39,3.87,3.62,4.12,3.56,3.56,3.53,4.43,3.98,4.42,3.79,4.21,3.36,4.52,4.04,3.9,3.72,4.58,4.72,3.85,3.75,4.12,3.88,3.94,4.31,3.69,3.53,4.46,3.92,4.08,3.76,4.37,X,X,X,X,X,X,X,X,X,X,X,X,X,X,X,X,X,X,X,X,X,X,X,X,X,X,X,X,X,X,X,X,X,X,X,X,X,X,X,X,X,X,X,X,X,X,X,X,X,X,X,X,X,X,X,X,X,X,X,X,X,X,X,X,X,X,X,X,X,X,X
3.99,5.66,3.81,3.87,3.52,3.87,3.63,3.98,3.97,3.54,4.6,4.09,4.31,3.68,4.5,3.61,4.56,4.3,3.57,4.28,3.74,3.35,3.91,4.55,4.36,3.97,4.82,4.66,3.48,3.73,4.47,4.29,4.32,4.3,4.24,3.75,3.91,4.04,3.28,4.56,4.03,4.14,3.72,4.78,4.2,3.7,5.31,3.93,2.76,3.97,3.69,4.29,3.3,4.05,4.49,4.49,4.22,3.85,4.15,4.19,4.41,4.29,4.4,4.57,3.27,3.39,4.01,3.61,3.8,4.3,3.81,4.64,4.19,4.2,4.16,4.54,3.85,4.29,3.94,4.48,5.11,4.0,3.62,4.05,4.46,4.11,4.33,3.93,3.91,4.39,3.43,4.63,3.99,4.72,3.51,X,X,X,X,X,X,X,X,X,X,X,X,X,X,X,X,X,X,X,X,X,X,X,X,X,X,X,X,X,X,X,X,X,X,X,X,X,X,X,X,X,X,X,X,X,X,X,X,X,X,X,X,X,X,X,X,X,X,X,X,X,X,X,X,X,X,X,X,X,X
4.36,5.5,4.23,4.0,4.3,4.46,4.34,4.32,3.63,4.24,4.43,3.87,4.34,4.32,4.21,4.1,4.87,4.59,4.3,4.4,4.44,4.41,4.07,4.1,4.75,4.34,4.81,4.83,4.2,4.23,4.37,4.4,4.52,4.33,4.13,4.7,3.73,3.84,3.96,4.05,4.45,4.71,4.82,5.0,4.37,4.09,5.76,4.46,4.28,4.63,4.44,4.72,3.76,4.45,4.56,4.59,4.11,3.99,4.45,4.93,4.37,4.12,4.45,4.09,4.21,4.65,4.58,4.1,3.98,4.88,4.27,4.45,4.24,4.54,4.09,4.73,4.21,4.24,4.33,4.34,4.95,4.35,4.21,4.55,4.25,4.3,4.43,4.35,4.11,4.46,4.31,4.76,4.14,4.71,4.1,4.21,X,X,X,X,X,X,X,X,X,X,X,X,X,X,X,X,X,X,X,X,X,X,X,X,X,X,X,X,X,X,X,X,X,X,X,X,X,X,X,X,X,X,X,X,X,X,X,X,X,X,X,X,X,X,X,X,X,X,X,X,X,X,X,X,X,X,X,X,X
3.52,5.69,4.21,4.08,4.25,3.7,4.16,3.79,3.83,3.63,3.85,3.9,3.59,4.18,3.76,3.22,3.92,3.39,4.12,3.57,3.41,3.85,4.33,3.99,4.72,3.36,4.23,3.82,3.22,4.07,3.85,3.86,4.31,4.34,3.92,4.29,3.9,4.32,3.42,4.44,4.22,4.49,4.22,3.95,3.75,3.93,5.83,3.8,4.8,3.57,4.4,4.55,4.1,3.38,4.06,5.35,4.71,3.57,4.09,5.24,3.78,3.67,3.7,3.81,4.2,4.32,3.55,3.28,3.76,4.63,3.84,4.33,3.9,4.12,3.37,4.14,3.84,3.8,3.79,4.14,4.83,3.54,4.16,3.51,4.32,3.64,4.35,4.05,3.58,3.77,3.8,3.92,4.25,4.4,4.2,4.39,4.56,X,X,X,X,X,X,X,X,X,X,X,X,X,X,X,X,X,X,X,X,X,X,X,X,X,X,X,X,X,X,X,X,X,X,X,X,X,X,X,X,X,X,X,X,X,X,X,X,X,X,X,X,X,X,X,X,X,X,X,X,X,X,X,X,X,X,X,X
3.99,5.63,3.8,3.81,3.5,4.0,3.96,4.1,3.97,3.76,4.35,3.64,3.98,3.74,3.97,3.98,4.6,4.2,3.79,3.98,3.72,3.32,4.22,4.63,4.49,3.77,5.13,4.36,3.95,3.45,4.56,3.7,3.93,3.85,3.96,3.93,3.98,4.18,3.41,4.36,4.09,4.26,3.67,4.57,4.39,3.8,5.67,4.21,3.81,3.67,4.47,4.27,3.0,3.99,4.81,5.11,4.28,3.46,4.61,4.72,4.72,4.2,4.47,4.33,3.74,4.05,3.7,3.76,4.03,4.85,4.14,4.69,3.92,4.2,3.48,4.5,3.76,3.91,3.8,4.53,4.9,3.92,3.98,4.22,4.35,4.13,4.18,4.06,3.93,4.53,3.93,3.8,4.49,4.89,3.35,3.65,4.41,4.04,X,X,X,X,X,X,X,X,X,X,X,X,X,X,X,X,X,X,X,X,X,X,X,X,X,X,X,X,X,X,X,X,X,X,X,X,X,X,X,X,X,X,X,X,X,X,X,X,X,X,X,X,X,X,X,X,X,X,X,X,X,X,X,X,X,X,X
3.81,5.81,3.76,4.19,4.26,3.37,4.07,3.88,3.57,3.74,3.73,3.79,3.97,4.36,3.41,3.08,4.37,3.6,4.15,3.91,3.56,3.99,3.99,4.07,4.76,3.11,4.24,4.08,3.49,3.88,3.98,3.92,4.4,4.41,3.87,4.14,3.42,4.13,3.39,4.3,4.27,4.39,4.26,4.06,3.74,3.94,5.84,3.78,4.84,3.6,4.12,4.33,4.1,3.48,4.03,5.21,4.35,3.86,3.79,5.39,3.84,3.48,3.25,3.81,4.19,4.01,3.67,3.25,3.44,4.43,3.86,4.15,3.71,4.15,3.31,4.1,3.8,3.98,3.89,3.68,4.79,3.5,3.99,3.63,4.42,3.87,4.39,3.9,3.52,3.59,3.34,4.13,4.23,4.63,4.26,4.25,4.14,3.45,4.1,X,X,X,X,X,X,X,X,X,X,X,X,X,X,X,X,X,X,X,X,X,X,X,X,X,X,X,X,X,X,X,X,X,X,X,X,X,X,X,X,X,X,X,X,X,X,X,X,X,X,X,X,X,X,X,X,X,X,X,X,X,X,X,X,X,X
4.48,6.23,3.8,4.32,4.18,3.99,4.44,3.97,3.97,3.96,4.61,4.15,4.4,4.63,4.12,3.75,4.7,3.45,4.31,4.11,3.77,3.93,4.08,4.32,4.5,3.35,4.54,4.19,3.84,3.86,4.13,4.25,4.46,4.8,3.87,3.96,3.83,4.4,4.13,4.26,4.39,4.76,4.05,4.37,4.31,4.6,5.95,3.69,4.65,3.46,4.27,3.79,3.91,3.79,4.48,5.0,4.52,4.03,4.24,5.26,4.18,3.87,4.25,4.35,4.26,3.74,3.75,3.2,3.51,4.5,3.83,4.59,3.51,4.3,3.54,4.28,3.9,4.29,3.69,4.21,4.61,3.97,4.34,3.83,5.04,3.91,4.22,4.26,3.84,4.26,2.94,4.12,4.48,4.6,4.29,4.3,4.75,4.18,4.04,3.73,X,X,X,X,X,X,X,X,X,X,X,X,X,X,X,X,X,X,X,X,X,X,X,X,X,X,X,X,X,X,X,X,X,X,X,X,X,X,X,X,X,X,X,X,X,X,X,X,X,X,X,X,X,X,X,X,X,X,X,X,X,X,X,X,X
4.58,5.63,3.89,3.88,4.11,3.75,4.0,3.96,3.41,4.24,4.02,3.89,4.46,4.04,3.89,3.73,4.45,3.68,4.06,3.35,4.14,4.04,3.32,3.84,4.55,4.05,4.23,4.45,3.56,4.03,4.46,4.02,4.74,4.57,4.42,4.43,3.24,3.7,4.23,4.11,3.87,4.66,4.12,4.68,4.03,4.66,5.92,3.45,4.17,4.14,4.04,4.17,4.1,4.08,3.87,4.56,4.2,3.8,4.16,4.99,3.91,3.64,4.44,3.91,4.17,3.7,3.85,3.65,3.24,4.44,3.77,4.41,3.55,4.3,3.67,3.9,3.78,4.23,3.59,4.33,4.51,3.89,4.07,3.45,4.12,4.0,4.09,3.77,3.48,4.27,3.11,4.3,4.27,4.3,4.16,4.0,4.24,4.27,4.25,4.15,4.19,X,X,X,X,X,X,X,X,X,X,X,X,X,X,X,X,X,X,X,X,X,X,X,X,X,X,X,X,X,X,X,X,X,X,X,X,X,X,X,X,X,X,X,X,X,X,X,X,X,X,X,X,X,X,X,X,X,X,X,X,X,X,X,X
4.08,5.58,3.54,4.01,3.67,3.47,4.38,3.84,2.79,3.87,4.17,3.85,4.01,4.13,2.96,3.14,4.19,3.21,3.67,3.21,3.56,3.91,3.53,4.04,4.57,3.42,4.46,4.02,3.41,3.91,3.89,3.48,4.31,4.02,3.96,4.57,2.93,3.39,3.85,4.29,4.01,4.7,4.31,4.21,4.2,4.14,5.92,3.49,4.06,3.65,4.35,4.55,3.62,3.55,3.68,5.04,3.66,3.2,3.57,5.11,3.99,3.17,3.65,3.43,3.91,3.99,3.46,2.91,3.28,4.23,3.63,4.15,3.13,4.47,3.13,3.92,3.13,3.86,3.46,3.86,4.65,3.46,3.95,3.08,4.23,3.7,4.09,3.72,3.09,4.0,3.15,3.98,4.16,4.57,3.76,4.13,4.07,3.79,3.83,3.47,3.84,3.48,X,X,X,X,X,X,X,X,X,X,X,X,X,X,X,X,X,X,X,X,X,X,X,X,X,X,X,X,X,X,X,X,X,X,X,X,X,X,X,X,X,X,X,X,X,X,X,X,X,X,X,X,X,X,X,X,X,X,X,X,X,X,X
5.54,6.3,5.3,5.34,5.35,5.3,5.05,5.38,5.38,5.09,5.09,5.36,5.57,5.16,5.49,5.42,5.54,5.28,5.64,5.11,5.23,5.21,5.03,5.27,5.19,5.37,5.01,5.41,5.31,5.3,5.17,5.46,5.18,5.46,5.12,5.04,5.06,5.22,5.3,5.01,5.29,5.52,5.28,5.53,5.1,5.6,6.33,5.0,5.34,5.29,5.21,4.99,5.48,5.46,5.18,5.4,5.37,5.48,5.41,5.38,4.9,5.01,5.45,5.36,5.52,4.95,5.23,5.14,5.1,5.43,5.18,5.2,5.2,5.24,5.26,5.08,5.22,5.09,5.19,4.94,5.44,5.3,5.36,5.1,5.34,5.36,5.29,5.2,5.09,5.22,4.78,5.64,5.35,5.36,5.64,5.18,5.34,5.38,5.35,5.18,5.14,4.51,5.25,X,X,X,X,X,X,X,X,X,X,X,X,X,X,X,X,X,X,X,X,X,X,X,X,X,X,X,X,X,X,X,X,X,X,X,X,X,X,X,X,X,X,X,X,X,X,X,X,X,X,X,X,X,X,X,X,X,X,X,X,X,X
4.04,5.42,3.85,3.59,3.21,4.24,4.16,4.01,3.49,3.58,4.78,3.92,4.13,3.45,4.36,3.95,4.69,3.99,3.26,4.12,3.64,3.34,3.72,4.21,4.18,4.19,4.83,4.47,3.75,3.4,4.1,3.87,4.12,3.88,3.91,3.89,3.96,3.74,3.63,4.22,3.92,4.15,3.96,4.93,4.36,4.04,5.3,4.09,2.84,3.84,3.9,4.64,3.07,4.11,4.4,4.5,4.11,3.5,4.52,4.24,4.1,4.0,4.48,4.12,3.31,3.73,3.88,3.62,4.1,4.72,3.71,4.41,3.61,4.4,3.68,4.44,3.8,4.06,3.9,4.28,5.24,4.07,3.94,4.18,4.01,3.81,4.24,3.93,4.12,4.45,3.79,4.48,4.26,4.66,3.46,2.87,3.93,4.54,3.53,4.51,4.33,3.9,3.82,5.22,X,X,X,X,X,X,X,X,X,X,X,X,X,X,X,X,X,X,X,X,X,X,X,X,X,X,X,X,X,X,X,X,X,X,X,X,X,X,X,X,X,X,X,X,X,X,X,X,X,X,X,X,X,X,X,X,X,X,X,X,X
4.05,5.67,3.35,3.98,3.48,3.44,4.28,3.56,2.79,3.8,4.03,3.32,4.01,4.23,3.26,2.95,4.06,3.49,3.15,3.19,3.42,3.88,3.33,3.92,4.7,3.39,4.46,3.86,3.38,3.77,4.0,3.66,4.43,4.23,3.54,4.43,2.74,3.44,3.72,4.12,3.88,4.59,4.05,4.42,3.93,4.2,5.92,3.53,4.16,3.5,4.34,4.34,3.46,3.27,3.54,5.18,4.05,3.32,3.41,5.15,3.83,3.15,3.69,3.39,3.89,4.02,3.59,2.77,3.1,3.97,3.33,4.25,3.09,4.37,2.96,3.92,3.29,3.96,3.43,3.87,4.42,3.59,3.54,3.35,4.22,3.55,4.28,3.84,3.23,3.84,3.14,3.98,3.59,4.65,3.61,3.95,3.84,3.77,3.95,3.32,3.68,3.72,2.89,5.39,3.85,X,X,X,X,X,X,X,X,X,X,X,X,X,X,X,X,X,X,X,X,X,X,X,X,X,X,X,X,X,X,X,X,X,X,X,X,X,X,X,X,X,X,X,X,X,X,X,X,X,X,X,X,X,X,X,X,X,X,X,X
4.0,5.63,3.71,3.88,3.24,4.09,3.6,3.61,3.49,3.58,3.98,3.69,3.98,3.65,4.06,3.71,4.32,3.4,4.04,3.88,3.65,3.14,3.57,4.12,4.67,3.79,4.14,3.86,3.56,3.54,3.78,3.8,4.09,4.2,3.87,4.05,3.65,3.99,3.57,3.89,3.63,4.39,4.42,3.97,3.51,3.77,5.66,4.04,3.98,3.26,4.41,4.12,3.67,3.71,3.65,4.86,3.96,3.62,4.17,4.95,3.73,2.83,4.16,4.01,4.13,4.05,3.03,2.91,3.5,4.22,3.31,3.98,3.8,4.18,3.31,3.66,4.24,3.77,3.67,4.02,4.72,3.86,4.25,3.86,4.05,3.32,4.21,3.04,3.54,3.95,3.65,4.4,4.15,4.57,3.64,4.13,4.24,3.93,4.05,3.84,4.08,3.78,3.54,5.11,3.97,3.86,X,X,X,X,X,X,X,X,X,X,X,X,X,X,X,X,X,X,X,X,X,X,X,X,X,X,X,X,X,X,X,X,X,X,X,X,X,X,X,X,X,X,X,X,X,X,X,X,X,X,X,X,X,X,X,X,X,X,X
3.91,5.77,3.75,3.87,3.78,3.47,4.09,3.3,3.21,3.72,4.26,4.23,4.24,4.3,3.81,3.17,4.03,3.67,3.84,3.75,3.79,4.05,3.73,3.97,4.77,3.44,4.31,4.35,3.03,4.1,4.11,3.84,4.61,4.63,4.28,4.61,2.98,3.45,3.92,4.57,4.2,4.73,4.21,4.62,4.37,4.07,5.94,3.64,3.77,3.9,4.28,4.21,3.59,3.6,3.51,4.84,3.59,3.41,2.89,4.85,4.21,3.59,3.99,3.62,3.98,4.01,3.79,3.07,2.76,4.08,3.67,4.41,3.85,4.35,3.7,4.14,3.64,4.21,3.65,4.14,4.5,3.68,3.82,3.42,4.51,4.05,4.4,4.0,2.67,4.17,2.97,4.34,3.29,4.35,3.7,3.53,4.13,4.09,4.42,3.79,4.08,3.95,3.44,5.26,4.19,2.99,3.94,X,X,X,X,X,X,X,X,X,X,X,X,X,X,X,X,X,X,X,X,X,X,X,X,X,X,X,X,X,X,X,X,X,X,X,X,X,X,X,X,X,X,X,X,X,X,X,X,X,X,X,X,X,X,X,X,X,X
3.99,5.79,3.58,3.01,3.82,3.76,3.68,3.42,3.17,3.97,4.53,3.84,4.13,4.23,3.82,3.85,4.09,3.49,3.72,3.74,3.88,4.09,2.97,3.46,4.28,3.61,4.7,4.61,3.32,3.74,4.41,3.84,4.47,4.23,4.1,4.16,2.87,3.04,3.69,3.85,4.16,4.12,3.95,4.48,4.43,3.8,5.77,3.82,3.38,4.21,3.81,3.98,3.4,4.05,4.15,4.25,3.76,3.46,3.62,4.86,4.41,4.04,4.29,4.01,3.82,3.7,4.02,3.49,2.9,3.97,4.02,3.83,3.73,3.98,3.66,4.24,3.77,4.1,3.49,4.67,4.31,3.76,3.74,3.83,4.48,3.55,3.98,4.41,3.54,4.53,3.35,4.13,3.61,3.56,3.61,3.77,3.89,4.38,4.0,4.15,3.99,3.51,3.64,5.31,3.77,3.73,3.72,3.7,X,X,X,X,X,X,X,X,X,X,X,X,X,X,X,X,X,X,X,X,X,X,X,X,X,X,X,X,X,X,X,X,X,X,X,X,X,X,X,X,X,X,X,X,X,X,X,X,X,X,X,X,X,X,X,X,X
3.73,5.45,4.18,4.12,4.3,4.0,4.28,4.31,4.13,3.78,3.99,3.78,3.88,4.11,4.03,3.54,4.43,4.08,4.05,3.98,3.29,3.63,4.42,4.33,4.62,3.91,4.82,3.98,3.81,4.06,4.26,3.98,4.2,4.25,3.57,4.08,4.16,4.3,3.45,4.29,4.23,4.41,3.57,4.24,3.63,3.97,5.66,4.08,4.59,3.63,4.15,4.16,3.87,3.82,4.57,5.34,4.81,3.59,4.48,5.16,4.17,3.99,3.73,4.09,4.11,3.92,3.85,3.6,4.02,4.51,3.72,4.53,4.03,4.33,3.64,4.32,3.87,3.67,3.76,4.05,5.01,3.86,4.2,4.08,4.48,4.18,4.3,4.31,3.8,4.04,3.79,4.16,4.4,4.81,4.18,4.15,4.42,3.49,3.75,3.73,4.16,4.51,4.06,5.27,4.23,3.93,4.17,4.42,4.37,X,X,X,X,X,X,X,X,X,X,X,X,X,X,X,X,X,X,X,X,X,X,X,X,X,X,X,X,X,X,X,X,X,X,X,X,X,X,X,X,X,X,X,X,X,X,X,X,X,X,X,X,X,X,X,X
4.36,6.01,2.93,3.96,3.56,4.05,4.48,3.91,3.27,4.3,4.43,4.06,4.15,4.56,3.38,3.46,4.12,2.91,3.83,3.42,3.76,3.95,3.59,3.53,4.5,3.55,4.27,3.89,3.5,4.19,3.48,3.92,4.55,4.69,3.71,4.19,3.42,3.78,4.22,3.77,4.15,4.58,4.38,4.59,4.2,4.78,6.11,3.61,4.64,3.67,4.4,4.33,4.21,4.06,3.79,5.15,4.21,3.76,3.98,5.34,3.25,2.84,4.03,3.89,4.49,4.18,3.63,3.29,3.46,3.92,3.78,3.75,2.69,4.39,3.39,4.15,3.56,4.28,3.83,3.82,4.51,3.73,4.4,3.44,4.38,3.09,4.54,3.9,3.73,3.85,3.39,4.17,4.28,4.36,4.15,4.77,4.46,4.05,4.43,3.8,3.72,3.85,3.33,5.15,4.14,3.31,3.8,4.13,3.86,4.41,X,X,X,X,X,X,X,X,X,X,X,X,X,X,X,X,X,X,X,X,X,X,X,X,X,X,X,X,X,X,X,X,X,X,X,X,X,X,X,X,X,X,X,X,X,X,X,X,X,X,X,X,X,X,X
4.36,6.06,4.33,4.23,4.55,3.73,4.6,3.82,3.89,4.18,3.94,4.6,4.37,4.55,4.11,3.7,4.28,3.77,4.54,3.82,4.02,4.53,3.97,4.03,4.86,3.8,4.36,4.58,3.71,4.29,3.96,4.41,4.54,4.77,4.55,4.78,3.61,4.24,4.14,4.72,4.81,4.79,4.56,4.48,4.41,4.64,5.92,3.76,4.84,4.39,4.24,4.76,4.57,4.34,3.86,5.39,4.47,4.28,4.12,5.43,4.05,3.97,3.87,4.14,4.81,4.23,4.13,3.9,3.64,4.17,4.27,4.27,3.8,4.12,4.08,4.31,3.74,4.01,4.07,4.06,4.86,4.22,4.53,3.42,4.72,3.82,4.47,4.39,3.6,4.42,3.68,4.65,4.41,4.16,4.61,4.6,4.57,3.91,4.59,3.74,4.42,3.92,3.78,4.98,4.72,4.08,4.19,4.05,4.09,4.41,4.02,X,X,X,X,X,X,X,X,X,X,X,X,X,X,X,X,X,X,X,X,X,X,X,X,X,X,X,X,X,X,X,X,X,X,X,X,X,X,X,X,X,X,X,X,X,X,X,X,X,X,X,X,X,X
3.2,5.39,3.91,3.68,3.8,3.37,4.06,3.81,3.48,3.26,3.65,3.69,3.49,3.74,3.56,3.09,4.08,3.5,3.66,3.6,2.87,3.33,4.04,3.94,4.48,3.3,4.21,3.48,3.07,3.94,3.68,3.5,3.91,4.02,3.64,3.92,3.65,4.18,2.87,4.17,3.91,4.17,4.03,3.48,3.46,3.54,5.67,3.75,4.43,3.18,4.19,4.26,3.76,3.21,4.06,5.17,4.45,3.04,3.87,4.97,3.72,3.22,3.4,3.36,3.77,4.05,3.02,2.81,3.45,4.6,3.46,4.27,3.86,4.16,3.12,3.75,3.83,3.43,3.5,3.74,4.67,3.03,3.94,3.38,3.89,3.65,4.15,3.65,3.15,3.49,3.37,3.75,3.93,4.45,3.85,3.96,4.36,2.95,3.85,3.27,4.02,4.01,3.45,5.25,4.14,3.57,3.57,3.74,4.14,3.31,4.02,3.91,X,X,X,X,X,X,X,X,X,X,X,X,X,X,X,X,X,X,X,X,X,X,X,X,X,X,X,X,X,X,X,X,X,X,X,X,X,X,X,X,X,X,X,X,X,X,X,X,X,X,X,X,X
4.04,5.84,3.75,3.92,3.8,4.16,4.36,3.92,3.74,3.69,4.56,4.52,3.78,4.32,4.41,3.55,4.54,3.28,4.08,4.13,3.54,3.64,4.13,3.62,4.25,3.83,3.94,3.89,3.37,4.11,3.38,4.36,4.4,4.71,3.49,3.34,4.12,4.4,3.9,3.99,4.16,4.03,4.34,4.27,3.82,4.44,5.66,3.45,4.41,3.35,4.11,4.34,4.18,4.03,4.16,4.84,4.7,3.93,4.46,4.87,2.75,3.51,4.08,3.95,4.15,3.74,3.62,3.32,3.83,4.59,3.59,4.06,3.42,4.2,3.67,4.33,3.96,4.18,3.88,4.01,4.76,3.89,4.29,3.8,4.37,3.35,4.37,3.9,3.99,3.77,3.38,4.37,4.18,4.19,4.45,4.11,4.68,3.8,4.54,4.03,3.74,3.95,4.1,4.91,3.87,4.08,3.8,4.28,4.2,4.1,3.28,4.23,3.63,X,X,X,X,X,X,X,X,X,X,X,X,X,X,X,X,X,X,X,X,X,X,X,X,X,X,X,X,X,X,X,X,X,X,X,X,X,X,X,X,X,X,X,X,X,X,X,X,X,X,X,X
3.92,5.83,4.17,4.0,4.24,3.4,4.16,3.08,3.12,3.99,4.19,4.37,4.08,4.44,3.51,3.05,3.44,3.45,4.15,3.37,3.82,4.12,3.95,3.8,4.67,3.32,4.07,4.27,2.72,4.14,4.11,3.96,4.64,4.76,4.42,4.79,3.06,3.5,4.1,4.83,4.37,4.77,4.22,4.53,4.47,4.41,6.09,3.17,4.34,3.92,4.49,4.37,3.96,3.71,3.18,5.17,3.81,3.39,2.89,5.14,4.02,3.36,4.03,3.52,4.2,4.15,3.73,3.21,3.0,4.14,3.84,4.16,3.61,4.4,3.76,3.95,3.21,4.27,3.59,4.03,4.57,3.34,4.18,2.93,4.32,3.61,4.5,4.11,2.72,4.08,3.24,4.13,3.86,4.23,4.16,4.23,4.42,3.69,4.46,3.92,4.25,3.89,3.41,5.09,4.42,3.4,4.15,2.84,3.95,4.33,3.74,3.71,3.69,4.09,X,X,X,X,X,X,X,X,X,X,X,X,X,X,X,X,X,X,X,X,X,X,X,X,X,X,X,X,X,X,X,X,X,X,X,X,X,X,X,X,X,X,X,X,X,X,X,X,X,X,X
3.85,5.82,4.16,3.8,3.84,4.3,4.19,4.04,3.97,3.33,4.34,4.24,3.91,4.21,4.49,4.07,4.79,3.87,4.11,4.26,3.56,3.41,4.18,4.18,4.23,4.0,4.44,4.28,3.91,3.63,3.96,4.13,4.01,4.26,3.79,3.76,4.1,4.31,3.47,4.04,4.13,4.28,4.24,4.32,4.04,4.1,5.66,4.16,4.27,3.41,4.21,4.3,3.85,4.02,4.52,5.02,4.5,3.83,4.61,4.76,4.02,3.7,4.25,4.09,4.05,3.87,3.46,3.53,3.91,4.74,3.87,4.16,3.93,4.09,3.41,4.24,4.24,3.83,3.94,4.18,4.87,4.06,4.3,4.21,4.41,3.9,4.44,4.12,3.86,4.13,3.74,4.42,4.19,4.47,3.99,4.23,4.6,4.05,3.98,3.95,4.03,4.44,4.21,5.03,3.98,4.23,3.67,4.38,4.34,3.89,4.25,4.39,3.67,3.75,4.48,X,X,X,X,X,X,X,X,X,X,X,X,X,X,X,X,X,X,X,X,X,X,X,X,X,X,X,X,X,X,X,X,X,X,X,X,X,X,X,X,X,X,X,X,X,X,X,X,X,X
3.87,5.65,4.36,3.52,4.13,4.19,4.42,3.94,3.49,3.69,4.37,4.41,3.74,4.53,4.12,4.13,4.49,3.98,4.28,3.77,3.74,4.12,3.95,3.72,4.35,4.08,4.26,4.48,3.55,4.43,4.16,3.88,4.61,4.51,4.01,4.56,3.54,3.78,4.11,4.47,4.49,4.5,4.56,4.7,4.52,4.3,5.92,4.06,3.83,3.91,4.48,4.43,3.78,3.99,4.23,4.89,4.08,3.61,3.98,4.57,4.18,3.87,4.22,3.34,4.06,4.25,4.11,3.75,3.6,4.85,4.26,4.56,3.92,4.43,3.6,4.29,3.89,4.21,4.39,4.08,4.75,4.09,3.99,3.87,4.23,4.31,4.66,4.38,3.52,4.17,3.47,4.27,3.86,4.24,4.08,4.36,4.35,4.12,4.3,4.2,4.45,4.08,3.87,5.06,4.03,4.02,4.17,3.63,3.97,4.26,4.22,4.28,3.88,4.09,3.89,4.04,X,X,X,X,X,X,X,X,X,X,X,X,X,X,X,X,X,X,X,X,X,X,X,X,X,X,X,X,X,X,X,X,X,X,X,X,X,X,X,X,X,X,X,X,X,X,X,X,X
4.65,6.25,4.13,4.46,4.11,3.84,4.32,4.04,3.75,4.16,4.32,4.62,4.57,4.58,4.21,4.01,4.47,4.25,4.55,4.11,4.09,4.01,4.01,4.59,4.37,4.17,4.44,4.13,3.99,4.32,4.23,4.55,4.47,4.87,4.08,4.25,3.54,4.34,4.36,4.62,4.58,4.85,4.45,4.55,4.52,4.85,6.17,3.66,4.59,3.65,4.72,4.27,4.31,4.37,4.19,5.37,4.38,4.28,4.09,5.15,4.17,3.53,4.45,4.34,4.61,4.26,3.71,3.59,3.76,4.48,4.1,4.72,4.05,4.75,4.16,3.97,3.79,4.4,4.22,4.06,4.75,3.93,4.5,3.79,4.79,3.96,4.71,4.23,3.78,4.28,3.61,4.55,4.36,4.93,4.73,4.36,4.91,4.47,4.41,4.14,4.05,4.12,3.95,4.47,4.52,4.09,4.0,4.07,4.34,4.53,3.87,4.01,4.11,3.98,3.7,4.28,4.34,X,X,X,X,X,X,X,X,X,X,X,X,X,X,X,X,X,X,X,X,X,X,X,X,X,X,X,X,X,X,X,X,X,X,X,X,X,X,X,X,X,X,X,X,X,X,X,X
3.54,5.66,4.09,3.87,3.84,3.83,4.07,3.97,4.05,3.26,4.16,3.73,3.65,3.89,4.23,3.72,4.46,4.16,3.98,4.31,3.09,3.4,4.01,4.49,4.59,3.89,4.76,4.19,3.82,3.92,4.12,4.06,4.06,4.04,3.53,3.71,4.07,4.43,2.89,4.24,4.16,3.78,4.07,4.04,3.91,3.28,5.48,4.07,4.21,3.53,4.35,4.36,3.26,3.66,4.52,5.19,4.48,3.7,4.25,4.88,4.37,3.94,3.73,4.17,3.8,4.05,3.78,3.48,3.92,4.53,3.9,4.26,4.16,3.94,3.74,4.46,3.98,3.72,3.96,4.11,5.11,3.92,3.69,4.22,4.4,3.68,4.28,3.94,4.04,4.0,3.69,4.26,4.07,4.54,3.88,3.6,4.11,3.75,3.62,3.67,4.17,4.51,4.13,5.29,3.91,4.01,3.83,4.18,3.92,3.51,4.62,4.2,3.37,4.04,4.45,3.77,4.14,4.45,X,X,X,X,X,X,X,X,X,X,X,X,X,X,X,X,X,X,X,X,X,X,X,X,X,X,X,X,X,X,X,X,X,X,X,X,X,X,X,X,X,X,X,X,X,X,X
3.04,5.49,3.56,3.58,3.7,3.52,4.04,3.94,3.29,3.29,3.81,3.71,3.41,3.95,3.7,3.11,4.29,3.66,3.57,3.77,2.68,2.93,4.09,4.07,4.23,3.59,4.21,3.95,3.24,3.79,3.87,3.78,4.06,4.09,3.37,3.7,3.61,3.73,2.93,4.12,4.09,3.96,3.93,3.91,3.76,3.56,5.6,3.58,4.05,3.08,4.22,4.26,3.54,3.5,3.9,5.25,4.11,3.1,3.82,4.78,3.75,3.05,3.2,3.5,3.69,3.96,3.4,3.09,3.46,4.47,3.79,3.85,3.46,4.13,3.33,4.11,3.4,3.6,3.66,3.3,5.0,3.51,3.65,3.64,4.07,3.79,4.26,3.57,3.4,3.45,3.26,4.05,3.96,4.39,3.76,3.7,4.12,3.41,3.74,3.24,4.0,4.23,3.53,5.11,3.78,3.54,3.75,3.79,4.09,3.17,3.89,4.02,2.9,3.54,3.81,3.45,3.62,3.97,3.1,X,X,X,X,X,X,X,X,X,X,X,X,X,X,X,X,X,X,X,X,X,X,X,X,X,X,X,X,X,X,X,X,X,X,X,X,X,X,X,X,X,X,X,X,X,X
4.6,5.81,4.53,4.35,4.42,4.96,4.5,4.73,4.18,4.22,5.06,4.53,4.42,4.77,4.62,4.56,5.06,4.62,4.57,4.73,4.49,4.55,4.23,4.24,4.82,4.48,5.01,4.83,4.4,4.45,4.38,4.65,4.8,4.71,3.98,4.23,4.19,4.26,4.38,4.01,4.5,4.4,4.83,4.94,4.44,4.56,6.01,4.74,4.37,4.65,4.52,4.69,4.19,4.76,5.02,4.54,4.87,4.4,4.76,4.95,4.08,4.69,4.97,4.52,3.99,4.33,4.7,4.24,4.41,5.03,4.16,4.83,4.45,4.79,4.43,5.03,4.7,4.64,4.65,4.83,5.02,4.59,4.42,4.87,4.63,4.63,5.01,4.81,4.58,4.73,4.43,4.95,4.36,4.7,4.47,4.48,4.39,4.85,4.74,4.66,4.48,4.53,4.51,5.17,4.13,4.44,4.63,4.74,4.17,4.62,4.53,5.02,4.63,4.11,4.91,4.26,4.53,4.85,4.61,4.46,X,X,X,X,X,X,X,X,X,X,X,X,X,X,X,X,X,X,X,X,X,X,X,X,X,X,X,X,X,X,X,X,X,X,X,X,X,X,X,X,X,X,X,X,X
2.93,5.3,3.7,3.01,3.33,3.42,2.8,3.24,3.19,3.24,3.88,3.33,3.73,3.54,3.66,3.13,3.74,3.67,3.38,3.54,3.3,2.86,3.5,3.83,4.38,3.0,4.43,4.03,2.58,3.24,4.13,3.48,3.98,3.97,3.81,3.73,2.89,3.33,2.6,3.9,3.61,3.69,3.4,4.2,3.76,2.99,5.48,3.69,3.37,3.49,3.62,3.6,2.82,3.3,3.88,4.59,3.77,2.83,3.3,4.6,4.24,3.52,3.93,3.84,3.16,3.39,3.28,2.8,2.68,4.01,3.38,4.21,3.91,3.5,3.49,3.78,3.56,3.72,3.38,4.24,4.69,3.2,3.68,3.44,3.97,3.77,4.14,3.74,2.95,3.96,3.12,3.88,3.43,4.11,3.04,2.98,4.11,3.72,3.5,3.64,4.02,3.82,3.7,5.24,3.65,3.61,3.59,3.23,3.15,3.75,4.2,4.11,3.28,4.2,3.45,3.76,3.88,4.05,3.41,3.23,4.24,X,X,X,X,X,X,X,X,X,X,X,X,X,X,X,X,X,X,X,X,X,X,X,X,X,X,X,X,X,X,X,X,X,X,X,X,X,X,X,X,X,X,X,X
4.1,5.84,3.54,3.77,3.74,3.69,3.94,3.25,3.52,3.69,4.17,4.08,3.87,4.2,4.09,3.24,4.04,2.85,3.97,3.52,3.31,3.05,3.61,3.48,4.02,3.36,3.67,4.07,2.73,3.81,3.6,4.07,4.57,4.71,3.84,4.04,3.61,3.91,4.02,3.93,3.9,4.29,3.84,4.35,3.93,4.51,5.83,2.79,4.06,3.13,3.97,3.64,3.88,3.72,3.12,4.83,3.87,3.57,3.82,4.94,3.67,2.93,3.93,3.98,4.1,3.37,3.34,2.75,3.24,3.92,3.44,4.03,2.93,3.95,3.53,3.58,3.11,4.3,3.49,3.53,4.6,3.81,4.2,3.02,4.46,3.23,4.27,3.64,3.4,3.81,2.41,4.18,4.01,4.04,4.22,3.86,4.55,3.88,4.28,3.92,3.38,3.47,3.58,4.85,3.91,3.76,3.29,3.61,3.82,4.14,3.2,3.89,3.74,2.99,3.38,3.83,3.87,3.77,4.1,3.56,4.62,3.54,X,X,X,X,X,X,X,X,X,X,X,X,X,X,X,X,X,X,X,X,X,X,X,X,X,X,X,X,X,X,X,X,X,X,X,X,X,X,X,X,X,X,X
3.71,5.3,3.8,3.68,3.27,4.07,3.75,4.23,3.75,3.68,4.53,3.46,3.89,3.42,3.93,3.62,4.54,3.96,3.43,4.1,3.71,3.2,4.12,4.54,4.5,3.78,5.0,4.31,3.71,3.85,4.31,3.8,4.17,3.9,3.95,3.8,3.78,3.99,3.06,4.17,3.37,3.81,4.04,4.41,3.92,3.41,5.31,4.41,3.24,3.84,3.81,4.5,3.07,3.71,4.49,4.53,4.15,3.25,4.18,4.53,4.37,3.94,4.35,4.22,2.74,3.79,3.64,3.39,3.79,4.56,3.49,4.58,4.05,4.17,3.58,4.46,4.01,4.0,3.83,4.61,5.09,3.87,4.02,4.13,4.03,4.14,4.38,3.68,3.88,4.43,3.82,4.18,4.07,4.89,3.32,2.98,4.13,4.14,3.46,4.13,4.41,4.0,3.67,5.53,3.01,3.79,3.87,4.02,3.83,4.16,4.34,4.71,3.63,4.28,4.37,4.15,4.35,4.71,3.67,3.73,4.43,3.05,4.28,X,X,X,X,X,X,X,X,X,X,X,X,X,X,X,X,X,X,X,X,X,X,X,X,X,X,X,X,X,X,X,X,X,X,X,X,X,X,X,X,X,X
4.38,5.92,4.34,4.5,4.41,4.24,4.47,4.46,4.32,4.17,4.35,4.56,4.59,4.53,4.41,4.38,4.5,4.21,4.53,4.26,4.1,3.93,4.27,4.63,4.49,4.65,4.49,4.62,4.23,4.48,4.37,4.63,4.69,4.52,4.15,4.73,4.36,4.01,4.48,4.47,4.6,5.01,4.45,4.81,4.57,4.57,6.25,3.99,4.42,4.05,4.71,4.72,4.39,4.34,3.96,5.17,4.07,4.27,4.38,4.97,4.46,3.75,4.31,4.47,4.79,4.55,4.26,4.0,4.33,4.56,4.42,4.53,4.24,4.67,4.31,4.32,3.77,4.43,4.46,4.02,5.14,4.58,4.7,4.15,4.81,4.35,4.79,4.3,4.11,4.36,3.9,4.99,4.37,4.87,4.78,4.42,4.47,4.53,4.64,4.37,4.54,4.42,3.98,4.94,4.35,4.31,4.13,4.14,4.54,4.31,4.33,4.51,4.37,4.36,4.26,4.42,4.22,4.37,4.36,3.83,4.91,4.3,3.54,4.71,X,X,X,X,X,X,X,X,X,X,X,X,X,X,X,X,X,X,X,X,X,X,X,X,X,X,X,X,X,X,X,X,X,X,X,X,X,X,X,X,X
4.16,5.9,3.7,3.7,3.8,3.46,4.17,3.32,3.45,3.87,4.11,4.16,4.24,3.84,3.79,3.28,3.88,3.61,3.99,3.46,3.94,3.79,3.75,4.03,4.31,3.65,4.29,4.35,3.2,3.7,3.96,4.26,4.15,4.34,4.3,4.38,3.24,3.6,3.59,4.45,4.3,4.72,3.92,4.61,4.49,4.22,5.76,3.23,3.97,4.01,4.13,4.45,3.82,3.99,3.67,5.12,3.84,3.53,3.5,4.98,4.13,3.37,4.14,4.04,4.23,3.93,3.63,3.43,3.26,3.76,3.86,3.42,3.6,4.0,3.79,4.05,3.06,3.89,3.49,4.0,4.68,3.58,4.16,3.1,4.37,3.27,4.13,3.97,3.14,4.09,3.38,4.35,4.02,4.31,3.99,3.76,4.23,3.95,4.0,4.01,4.27,3.87,3.55,4.99,3.9,3.73,3.92,3.53,3.56,4.2,3.6,3.68,3.76,4.12,3.08,4.2,4.17,3.58,4.02,3.67,4.94,3.41,3.54,4.0,4.14,X,X,X,X,X,X,X,X,X,X,X,X,X,X,X,X,X,X,X,X,X,X,X,X,X,X,X,X,X,X,X,X,X,X,X,X,X,X,X,X
3.55,5.23,4.25,3.91,4.16,3.9,3.68,4.05,3.78,3.82,3.89,3.99,3.8,3.65,3.84,3.73,4.35,4.01,4.22,4.2,3.57,3.5,4.41,4.14,4.81,3.59,4.31,3.93,3.39,4.39,4.03,3.8,4.29,4.5,4.05,4.04,3.95,4.45,3.54,4.23,3.79,4.01,4.45,3.8,3.35,3.87,5.84,4.25,4.38,3.67,4.35,4.14,4.06,3.81,4.29,4.84,4.5,3.4,4.11,4.75,3.87,3.4,3.97,3.72,3.77,4.28,3.5,3.35,3.75,4.93,3.61,4.66,4.38,4.57,3.72,3.86,4.35,3.98,4.05,3.98,4.67,3.36,4.32,3.96,3.64,4.05,4.61,3.56,3.49,3.92,3.96,4.02,4.06,4.67,4.15,4.23,4.37,3.6,4.34,3.79,4.38,4.01,4.02,5.13,4.34,4.13,3.69,4.01,4.31,3.9,4.36,4.38,3.06,3.77,3.99,4.05,4.07,4.46,3.94,3.58,4.5,3.6,3.86,3.91,4.48,4.2,X,X,X,X,X,X,X,X,X,X,X,X,X,X,X,X,X,X,X,X,X,X,X,X,X,X,X,X,X,X,X,X,X,X,X,X,X,X,X
3.89,5.75,4.03,4.06,4.1,3.93,3.94,3.38,3.28,3.96,4.38,3.55,3.54,4.39,3.27,3.26,3.38,3.61,3.97,3.72,3.77,3.82,3.96,3.99,4.87,3.09,4.55,4.32,3.05,4.15,4.2,3.74,4.84,4.57,4.16,4.62,3.28,3.84,3.79,4.42,3.82,4.33,4.27,4.5,4.08,3.98,6.1,3.99,4.39,3.84,4.7,4.22,3.54,3.55,3.92,5.02,4.11,3.41,3.39,5.18,4.31,3.58,4.15,3.76,3.69,4.39,3.8,3.38,3.56,4.34,3.89,4.28,3.7,4.45,3.57,4.37,3.79,4.42,3.88,4.22,4.43,3.26,3.79,3.76,4.18,3.39,4.59,4.07,3.78,3.97,3.8,3.81,3.81,4.38,3.85,4.22,4.2,3.65,4.08,3.89,4.2,4.07,3.78,5.55,4.26,3.37,4.07,3.65,3.81,4.31,3.74,4.44,3.79,4.28,3.39,4.52,4.22,4.52,4.07,4.02,4.63,3.38,3.84,3.84,4.77,3.78,3.95,X,X,X,X,X,X,X,X,X,X,X,X,X,X,X,X,X,X,X,X,X,X,X,X,X,X,X,X,X,X,X,X,X,X,X,X,X,X
3.93,5.66,3.73,3.94,3.57,3.82,3.95,3.94,3.93,3.82,4.39,4.24,4.13,3.76,4.19,3.83,4.29,3.93,3.87,4.15,3.53,3.24,4.3,4.48,4.43,3.87,4.66,4.25,3.37,3.9,3.96,4.02,4.26,4.49,4.18,3.8,3.95,4.13,3.63,4.58,4.07,4.3,3.63,4.51,4.23,4.1,5.76,3.86,3.6,3.75,4.03,4.2,3.7,4.12,4.32,4.93,4.2,3.68,4.24,4.54,4.07,4.08,4.18,4.31,3.65,3.28,3.66,3.74,3.85,4.58,3.88,4.7,3.82,4.33,3.93,4.37,3.69,4.2,3.88,4.22,5.05,3.92,4.19,3.72,4.28,4.15,4.44,3.8,3.71,4.35,3.36,4.45,4.43,4.71,3.79,3.08,4.83,4.2,3.68,4.16,4.1,3.95,3.85,4.88,3.46,4.23,4.07,4.0,4.27,4.08,4.21,4.3,3.78,3.78,4.07,3.99,4.2,3.99,3.92,3.68,4.46,3.29,3.55,3.52,4.23,3.86,4.06,4.3,X,X,X,X,X,X,X,X,X,X,X,X,X,X,X,X,X,X,X,X,X,X,X,X,X,X,X,X,X,X,X,X,X,X,X,X,X
4.57,5.93,4.37,4.22,4.47,4.56,4.3,4.33,4.32,4.42,4.74,4.8,4.83,4.71,4.46,4.23,4.9,4.72,4.91,4.82,4.75,4.56,4.46,4.7,4.87,4.36,4.59,4.97,4.32,4.62,4.46,4.82,4.5,4.83,4.56,4.56,4.06,4.39,4.16,4.66,4.62,4.97,4.82,4.76,4.5,4.36,6.02,4.68,4.71,4.67,4.39,4.42,4.31,4.77,4.79,4.61,3.97,4.43,4.27,4.87,4.7,4.11,4.46,4.55,4.84,4.35,4.52,4.25,4.01,4.39,4.39,4.48,4.71,4.65,4.55,4.74,4.45,4.56,4.61,4.49,4.76,4.32,4.78,4.45,4.76,4.42,4.97,4.43,4.08,4.61,4.17,5.13,4.22,4.83,4.44,4.53,4.28,4.91,4.86,4.31,4.58,4.76,4.47,5.28,4.82,4.6,4.45,4.1,4.32,4.68,4.49,4.57,4.52,4.75,4.33,4.57,4.58,4.51,4.41,4.35,4.89,4.11,4.46,4.73,4.57,3.96,4.54,4.54,4.6,X,X,X,X,X,X,X,X,X,X,X,X,X,X,X,X,X,X,X,X,X,X,X,X,X,X,X,X,X,X,X,X,X,X,X,X
4.85,6.1,4.41,4.43,4.63,5.01,4.82,4.89,4.79,4.51,5.37,4.97,4.71,4.9,4.98,4.52,5.43,4.42,4.77,4.82,4.75,4.61,4.58,4.75,4.74,4.61,4.97,5.3,4.9,4.77,4.68,5.1,4.85,4.91,4.5,4.08,4.7,4.91,4.46,4.49,4.59,4.29,4.61,4.94,4.68,4.89,5.85,4.79,4.74,4.86,4.13,4.82,4.52,5.13,5.16,4.7,4.99,4.84,5.15,5.12,4.45,4.95,4.75,4.87,4.57,3.95,4.89,4.68,4.64,4.47,4.53,4.67,4.21,4.62,4.62,5.39,4.54,4.92,4.68,5.08,5.2,5.12,4.72,4.71,5.02,4.67,5.14,5.0,4.96,5.11,4.23,5.11,4.83,4.8,4.78,4.74,5.09,4.98,4.7,4.71,4.4,4.67,4.71,5.44,4.52,4.82,4.97,5.16,4.32,4.76,4.41,4.77,4.93,4.22,5.17,4.57,4.86,5.07,4.63,4.66,4.54,4.75,4.56,4.48,5.16,4.78,4.98,5.01,4.68,4.78,X,X,X,X,X,X,X,X,X,X,X,X,X,X,X,X,X,X,X,X,X,X,X,X,X,X,X,X,X,X,X,X,X,X,X
4.12,5.8,3.92,4.52,4.44,4.05,4.41,4.58,4.13,4.44,4.36,4.41,4.62,4.61,3.82,3.6,4.67,4.21,4.44,4.43,4.13,4.21,4.58,4.66,4.84,3.96,4.62,4.39,4.13,4.34,4.33,4.37,4.35,4.72,4.23,4.36,4.16,4.47,3.87,4.59,4.5,4.84,4.41,4.25,4.06,4.47,6.0,4.42,5.15,4.16,4.38,4.55,4.65,4.35,4.68,5.3,4.51,4.07,4.28,5.4,4.19,3.74,3.76,4.27,4.72,4.35,4.02,3.9,4.18,4.33,4.21,4.31,4.31,4.79,4.08,4.48,4.11,4.2,4.11,4.07,4.87,3.75,4.55,4.1,4.73,4.21,4.7,4.32,4.04,3.98,4.09,4.65,4.55,5.04,4.55,4.66,4.69,4.05,4.43,3.58,4.34,4.61,3.97,5.22,4.82,4.21,4.41,4.52,4.63,3.81,3.96,4.24,3.79,4.36,4.25,4.29,4.76,4.24,4.29,3.64,4.97,4.12,4.42,4.57,4.59,4.03,4.21,4.44,4.36,4.05,4.72,X,X,X,X,X,X,X,X,X,X,X,X,X,X,X,X,X,X,X,X,X,X,X,X,X,X,X,X,X,X,X,X,X,X
3.99,5.31,4.58,3.97,4.34,4.45,3.64,4.33,4.28,3.77,4.19,4.1,4.13,4.03,4.57,4.0,4.57,4.59,4.2,4.55,3.88,3.75,4.51,4.41,4.92,4.13,4.8,4.65,3.84,4.62,4.57,4.42,4.68,4.76,4.34,4.1,4.03,4.52,3.73,4.47,4.0,4.11,4.04,4.68,3.51,4.09,5.67,4.51,3.94,4.26,4.03,3.74,4.0,4.35,4.55,4.65,4.82,4.24,4.34,4.63,4.48,4.24,4.36,4.49,3.83,3.68,4.35,4.02,3.88,4.55,3.81,5.07,4.47,4.48,4.37,4.38,4.57,4.48,4.56,4.27,4.9,4.23,4.22,4.39,3.99,4.66,5.16,4.25,4.04,4.57,3.99,4.66,4.06,4.9,4.14,3.61,4.57,4.36,4.47,4.29,4.67,4.37,4.7,5.17,4.29,4.19,4.36,4.0,4.43,4.02,4.93,4.71,3.99,4.34,4.46,4.34,4.25,4.67,4.12,4.01,4.48,3.47,4.14,4.12,4.73,4.62,3.73,4.32,3.97,4.59,4.83,4.73,X,X,X,X,X,X,X,X,X,X,X,X,X,X,X,X,X,X,X,X,X,X,X,X,X,X,X,X,X,X,X,X,X
4.92,5.93,4.0,4.16,3.87,4.74,4.16,4.63,4.61,4.54,5.23,4.63,5.27,4.45,5.14,4.48,5.36,4.56,4.34,4.79,5.05,4.5,4.27,4.63,4.52,4.68,5.0,5.26,4.53,4.18,4.96,4.86,4.7,4.83,4.77,4.29,4.4,4.4,4.4,4.37,4.11,4.86,4.33,5.3,4.66,4.86,5.68,4.65,3.84,4.93,3.81,4.4,4.3,4.84,4.98,3.84,4.39,4.59,4.88,4.45,4.84,4.85,5.2,5.12,4.41,3.89,4.66,4.42,4.28,4.62,4.3,4.91,4.64,4.43,4.47,4.94,4.7,4.87,4.43,5.4,4.86,4.9,4.55,4.81,4.99,4.73,4.77,4.69,4.6,5.18,4.28,5.15,4.31,4.9,4.15,3.58,4.56,5.16,4.45,4.93,4.54,4.12,4.69,5.28,3.86,4.48,4.59,4.35,3.99,5.02,4.69,5.16,4.99,4.63,4.91,4.75,4.91,5.03,4.86,5.01,4.79,4.2,4.44,3.97,5.05,4.5,4.95,4.77,4.38,4.58,4.53,4.97,4.51,X,X,X,X,X,X,X,X,X,X,X,X,X,X,X,X,X,X,X,X,X,X,X,X,X,X,X,X,X,X,X,X
4.27,5.6,4.57,4.13,4.06,4.78,3.98,4.57,4.52,3.79,4.89,4.57,4.79,4.01,5.04,4.26,5.33,4.67,4.54,4.85,4.48,4.04,4.57,4.95,4.58,4.55,4.7,4.72,4.58,4.11,4.45,4.86,4.08,4.35,4.27,3.79,4.59,4.85,3.61,4.18,4.02,4.49,4.66,4.5,3.97,4.12,5.29,4.91,4.2,4.4,3.7,4.6,4.17,4.45,5.0,4.2,4.76,4.38,4.92,4.43,4.47,4.25,4.55,4.73,4.21,4.02,4.25,3.89,4.44,4.91,3.77,4.68,4.9,4.5,4.28,4.65,4.81,4.44,4.45,4.81,5.23,4.57,4.81,4.73,4.47,4.44,4.89,4.27,4.56,4.74,4.5,5.07,4.52,5.02,4.36,3.96,4.47,4.63,4.51,4.5,4.55,4.72,4.69,5.33,3.98,4.64,4.3,4.73,4.52,4.42,4.87,4.98,4.26,4.35,4.91,4.18,4.85,4.85,4.27,4.25,4.53,3.98,4.56,3.87,4.93,4.45,4.23,4.79,4.45,4.23,4.4,4.47,4.3,4.06,X,X,X,X,X,X,X,X,X,X,X,X,X,X,X,X,X,X,X,X,X,X,X,X,X,X,X,X,X,X,X
4.03,5.36,4.22,3.45,4.04,4.6,4.11,4.35,4.0,4.01,4.99,4.41,4.33,4.16,4.43,4.15,4.93,4.2,4.07,4.68,4.38,4.38,4.1,4.08,4.72,4.31,5.14,4.99,4.24,4.12,4.61,4.33,4.42,4.21,4.35,3.95,4.0,4.12,3.67,4.18,4.07,3.87,4.33,4.69,4.2,3.66,5.4,4.63,3.83,4.71,3.72,4.61,3.64,4.57,4.94,4.05,4.41,4.03,4.55,4.81,4.41,4.61,4.4,4.28,3.98,3.67,4.54,4.21,3.94,4.56,4.07,4.21,4.32,4.17,4.14,5.06,4.61,4.28,4.11,4.99,4.83,4.36,4.25,4.7,4.23,4.21,4.4,4.52,4.3,4.8,4.19,4.71,4.16,4.25,3.78,4.02,4.08,4.66,4.27,4.46,4.65,4.14,4.24,5.52,3.82,4.37,4.14,4.44,3.01,4.41,4.54,4.61,4.36,4.2,4.73,4.42,4.48,5.16,4.0,4.41,4.2,3.89,4.65,3.72,5.06,4.5,4.36,4.45,4.41,4.42,3.92,4.66,4.27,3.96,4.17,X,X,X,X,X,X,X,X,X,X,X,X,X,X,X,X,X,X,X,X,X,X,X,X,X,X,X,X,X,X
3.91,5.45,4.12,4.01,4.18,4.14,4.36,4.0,3.76,3.75,4.19,4.05,4.12,4.06,4.08,3.48,4.51,3.41,3.93,4.0,3.51,4.01,4.06,3.69,4.57,3.68,4.4,4.09,3.59,3.91,3.51,3.98,4.34,4.46,3.98,4.2,3.89,4.15,3.7,4.17,3.96,4.6,4.21,4.37,3.41,4.29,5.39,4.16,4.26,3.74,3.43,4.41,4.27,3.83,4.16,4.74,4.57,3.78,4.34,4.94,3.25,3.64,3.55,3.8,4.0,3.56,3.68,3.46,3.84,4.36,3.06,4.18,3.71,4.35,3.36,4.22,4.19,3.78,3.87,3.9,4.94,3.87,4.48,3.77,4.11,3.85,4.43,3.94,3.69,3.95,3.56,4.49,4.26,4.48,4.19,4.07,4.12,3.84,4.52,3.64,4.1,4.04,3.77,5.15,3.7,3.76,3.77,4.13,4.33,3.69,3.85,4.11,3.46,3.55,4.2,3.78,4.15,4.57,4.1,3.67,4.28,4.0,3.81,3.87,4.41,4.2,3.75,4.35,3.94,4.45,4.54,4.0,4.04,4.45,3.94,4.04,X,X,X,X,X,X,X,X,X,X,X,X,X,X,X,X,X,X,X,X,X,X,X,X,X,X,X,X,X
3.81,5.31,4.02,3.65,3.25,4.17,3.7,3.95,3.83,3.39,4.63,3.87,4.38,3.25,4.15,3.45,4.5,3.92,3.71,4.2,3.81,3.35,4.09,4.64,4.58,3.88,4.89,4.3,3.81,3.56,4.16,4.16,3.92,4.02,4.06,3.65,3.86,4.21,3.05,4.26,3.37,4.19,3.89,4.62,3.77,3.57,4.92,4.28,3.36,3.84,3.35,4.37,3.06,3.71,4.47,4.39,4.24,3.52,4.01,4.53,4.24,3.5,4.2,4.32,3.37,3.37,3.63,3.18,3.62,4.07,3.02,4.23,4.15,4.03,3.71,4.32,4.1,3.85,3.67,4.36,5.08,3.72,4.24,3.96,4.03,3.59,4.27,3.68,3.75,4.28,3.67,4.51,4.17,4.88,3.46,2.97,4.1,4.23,3.71,4.22,4.26,4.11,3.9,5.35,2.98,3.88,3.75,3.87,3.9,4.01,4.19,4.57,3.77,4.15,4.1,4.04,4.44,4.47,3.67,3.84,4.62,3.18,4.14,2.66,4.7,3.44,4.02,3.94,3.65,4.04,4.46,4.2,3.98,3.69,3.3,3.58,3.46,X,X,X,X,X,X,X,X,X,X,X,X,X,X,X,X,X,X,X,X,X,X,X,X,X,X,X,X
4.32,5.48,4.3,4.23,3.59,4.67,4.17,4.45,4.33,4.28,5.0,4.46,4.74,3.89,4.61,4.33,4.83,4.51,4.0,4.45,4.32,3.94,4.23,4.94,5.05,4.59,5.36,4.54,4.43,4.26,4.68,4.22,4.31,4.19,4.41,4.31,4.44,4.39,4.05,4.54,3.94,4.42,4.41,4.74,4.23,4.03,5.75,4.81,3.78,4.33,4.52,4.8,3.83,4.52,4.77,4.95,4.5,3.96,4.73,4.86,4.56,4.29,4.76,4.67,4.2,4.27,4.04,3.88,4.37,4.42,3.62,4.79,4.6,4.77,4.33,4.65,4.58,4.32,4.29,5.12,5.28,4.47,4.57,4.58,4.4,4.25,4.77,4.17,4.27,4.93,4.53,4.85,4.44,5.1,3.86,4.09,4.8,4.78,4.23,4.96,4.93,4.49,4.22,5.65,3.88,4.37,3.93,4.51,4.16,4.48,4.66,4.97,4.41,4.62,4.69,4.6,4.9,4.9,4.4,4.54,4.78,3.94,4.57,3.81,4.76,4.43,4.43,4.74,4.3,4.86,4.83,4.82,4.48,4.46,4.35,3.85,4.32,3.54,X,X,X,X,X,X,X,X,X,X,X,X,X,X,X,X,X,X,X,X,X,X,X,X,X,X,X
3.82,5.4,3.77,3.59,3.72,4.34,3.98,3.84,3.66,4.11,4.47,3.93,3.94,4.3,4.07,4.11,4.56,4.12,4.0,4.35,3.94,3.71,3.82,4.13,4.43,4.07,4.55,4.44,3.96,4.01,4.15,4.13,4.38,4.28,3.81,4.31,3.86,3.98,3.77,3.97,3.78,4.04,4.48,4.41,3.84,4.0,5.85,4.54,4.31,3.97,4.29,4.39,3.72,4.31,4.41,4.64,3.89,3.59,4.48,4.77,4.2,3.69,3.72,3.8,4.32,4.21,3.93,3.75,4.09,4.22,3.93,4.35,4.08,4.49,3.67,4.48,4.1,4.17,4.14,4.28,4.64,4.19,4.17,4.31,4.07,3.52,4.55,4.04,4.11,4.15,4.18,4.5,3.73,4.24,3.8,4.57,3.8,4.32,4.29,4.11,4.43,4.31,4.07,5.42,4.17,4.09,3.65,4.43,3.67,4.08,4.08,4.34,4.06,4.17,4.44,4.1,4.26,4.7,3.8,3.94,4.54,3.96,3.86,4.32,4.25,4.26,3.97,4.05,4.49,4.04,4.46,4.22,4.35,4.59,4.26,3.66,3.81,4.07,4.19,X,X,X,X,X,X,X,X,X,X,X,X,X,X,X,X,X,X,X,X,X,X,X,X,X,X
4.48,5.82,4.63,4.22,4.16,4.68,3.97,4.3,4.65,4.01,4.84,4.62,4.61,4.4,5.03,4.07,5.0,4.4,4.63,4.49,4.39,4.02,4.55,4.65,4.69,4.29,4.6,4.87,4.19,4.21,4.34,4.77,4.36,4.71,4.2,3.82,4.34,4.71,4.01,4.5,4.24,4.39,4.19,4.81,4.16,4.45,5.48,4.45,4.27,4.26,3.83,4.32,4.01,4.55,4.78,4.61,4.77,4.47,4.82,4.68,4.29,4.47,4.82,4.94,4.34,3.68,4.34,4.05,4.17,4.44,3.83,4.83,4.43,4.05,4.28,4.67,4.28,4.42,4.39,4.95,5.22,4.68,4.79,4.35,4.9,4.43,4.99,4.43,4.31,4.94,4.07,4.94,4.5,4.84,4.34,3.96,5.0,4.51,4.29,4.59,4.32,4.58,4.69,5.19,4.2,4.67,4.46,4.54,4.54,4.28,4.65,4.58,4.49,4.09,4.61,4.1,4.58,4.62,4.28,4.3,4.49,3.88,4.15,4.15,4.75,4.34,4.59,4.78,4.0,4.38,4.07,4.57,4.15,4.26,3.92,4.32,4.3,3.76,4.47,4.69,X,X,X,X,X,X,X,X,X,X,X,X,X,X,X,X,X,X,X,X,X,X,X,X,X
4.52,5.58,4.66,4.31,4.32,4.42,4.06,4.39,4.35,3.97,4.22,4.39,4.4,4.16,4.71,4.41,4.83,4.46,4.79,4.34,4.05,3.82,4.17,4.56,4.57,4.51,4.53,4.29,4.15,4.65,4.33,4.46,4.49,4.71,4.15,4.16,4.19,4.67,4.16,4.44,4.14,4.48,4.56,4.51,3.79,4.57,5.76,4.22,4.42,3.94,4.45,4.4,4.28,4.28,4.49,5.04,4.65,4.29,4.66,4.78,4.16,3.79,4.63,4.31,4.4,4.06,3.91,3.61,4.05,4.84,3.84,4.94,4.4,4.52,4.15,4.0,4.3,4.17,4.3,4.33,4.91,4.4,4.72,4.16,4.4,4.26,4.65,3.9,3.92,4.47,3.89,4.81,4.33,4.91,4.62,4.19,4.73,4.27,4.49,4.42,4.52,4.0,4.28,4.86,4.23,4.51,3.66,4.36,4.62,4.27,4.66,4.37,3.91,3.91,4.4,4.13,4.12,4.22,4.18,4.06,4.75,4.2,3.69,4.42,4.24,4.37,3.81,4.71,4.01,4.72,5.07,4.76,4.09,4.92,4.59,4.73,4.19,4.29,4.63,4.38,4.31,X,X,X,X,X,X,X,X,X,X,X,X,X,X,X,X,X,X,X,X,X,X,X,X
3.38,5.57,4.32,4.11,4.16,4.19,4.04,4.32,4.04,3.58,4.38,4.07,4.06,4.26,4.33,3.98,4.56,4.29,3.97,4.5,3.54,3.65,4.42,4.55,4.82,4.01,4.51,4.52,3.95,4.52,4.57,4.3,4.64,4.72,3.89,4.19,4.05,4.33,3.67,4.42,4.15,3.96,4.64,4.27,4.13,3.97,5.93,4.34,4.36,3.91,4.67,4.39,3.81,3.78,4.25,5.21,4.5,3.69,4.01,4.78,4.46,3.78,4.1,4.07,4.06,4.41,4.16,3.75,3.9,4.5,4.26,4.71,4.37,4.58,4.12,4.43,4.23,4.24,4.3,4.0,5.01,4.03,3.67,4.32,4.26,4.3,4.85,4.29,3.92,4.4,3.83,4.51,3.84,4.57,4.01,4.13,4.28,4.11,4.48,4.03,4.52,4.59,4.36,5.33,4.52,3.99,4.13,3.82,4.16,4.03,4.71,4.49,3.78,4.28,4.22,4.2,4.04,4.67,3.52,3.39,4.75,3.71,4.11,4.31,4.28,4.41,3.8,4.19,4.53,4.56,4.86,4.52,3.88,5.02,4.62,4.37,4.38,4.3,4.75,3.94,4.72,4.4,X,X,X,X,X,X,X,X,X,X,X,X,X,X,X,X,X,X,X,X,X,X,X
3.17,5.66,3.93,3.83,3.83,3.23,3.97,3.22,3.11,3.57,4.16,3.73,3.06,4.15,3.3,3.23,3.54,3.36,3.56,3.79,2.28,3.08,3.91,4.03,4.67,3.14,4.53,3.82,2.7,3.79,4.08,3.22,4.52,4.39,3.77,4.18,3.48,3.78,3.52,4.61,4.07,3.95,3.95,3.76,3.98,3.6,5.92,3.6,3.83,2.75,4.62,3.88,3.21,3.26,3.77,5.26,4.08,2.9,3.4,5.01,4.1,3.28,3.36,3.61,3.24,4.05,3.22,2.9,3.3,4.37,3.6,4.49,3.6,4.5,3.16,4.01,3.64,4.1,3.77,3.81,4.78,3.09,3.66,3.64,4.16,3.26,4.42,3.67,3.23,3.71,3.23,3.53,4.19,4.33,3.61,3.86,4.44,3.53,3.72,3.66,3.75,4.23,3.55,5.51,3.91,3.54,3.56,3.64,3.64,3.58,4.05,4.22,3.2,3.79,3.64,3.84,3.75,4.15,3.24,3.04,4.48,3.1,3.42,3.7,4.25,4.05,3.55,3.49,3.65,4.76,4.85,4.35,3.98,5.12,4.71,4.25,3.9,3.93,4.3,3.81,4.59,4.27,3.53,X,X,X,X,X,X,X,X,X,X,X,X,X,X,X,X,X,X,X,X,X,X
3.59,5.67,3.6,3.78,3.14,3.76,3.62,3.6,3.36,3.68,4.08,3.52,3.93,3.85,3.85,3.5,4.12,3.49,3.53,3.81,3.35,2.89,3.77,4.29,4.45,3.6,4.39,3.61,3.3,3.35,3.93,3.83,4.14,4.26,3.67,3.86,3.61,3.96,3.35,4.01,3.47,4.09,3.98,4.23,3.72,3.85,5.75,3.9,4.22,2.86,4.24,4.28,3.51,3.3,3.95,5.24,4.28,3.27,4.04,5.09,3.85,2.96,3.9,4.0,3.83,3.94,2.85,2.7,3.5,4.27,3.24,4.36,3.77,4.06,3.2,3.83,3.91,3.88,3.54,4.15,4.92,3.59,4.08,3.73,4.23,3.15,4.25,3.45,3.63,3.67,3.65,4.13,4.06,4.55,3.55,4.04,4.53,3.7,3.78,3.68,3.94,4.08,3.73,5.39,3.9,3.58,3.1,4.09,4.01,3.88,3.74,4.31,3.48,3.84,4.03,3.59,4.31,4.06,3.76,3.45,4.59,3.17,3.5,3.72,4.34,3.93,3.88,3.86,3.79,4.76,4.97,4.24,4.39,4.76,4.35,4.52,3.92,3.69,4.15,3.86,4.36,4.2,4.2,3.31,X,X,X,X,X,X,X,X,X,X,X,X,X,X,X,X,X,X,X,X,X
4.35,6.04,4.92,4.43,4.57,4.76,5.0,4.66,4.54,4.1,4.96,4.75,4.34,4.76,4.73,4.82,4.93,4.58,4.6,4.81,4.35,4.47,4.88,4.89,4.91,4.8,5.31,4.82,4.66,4.73,4.86,4.74,4.87,4.65,4.48,4.78,4.68,4.77,4.33,4.85,4.79,4.8,4.81,4.89,5.0,4.54,6.18,4.71,4.58,4.49,5.03,5.2,4.24,4.49,5.0,5.51,5.02,4.34,4.79,5.22,5.05,4.71,4.81,4.46,4.41,4.78,4.56,4.39,4.63,5.26,4.76,4.99,4.75,4.85,4.4,4.94,4.59,4.58,4.67,4.92,5.2,4.68,4.49,4.79,4.9,4.68,4.95,5.14,4.53,4.9,4.57,4.84,4.51,4.97,4.63,4.79,4.99,4.53,4.6,4.79,4.91,5.05,4.64,5.79,4.64,4.63,4.75,4.68,4.65,4.54,5.13,4.96,4.35,4.77,4.82,4.41,4.43,5.03,4.32,4.37,4.9,4.46,4.8,4.67,4.9,4.76,4.64,4.77,4.77,5.35,5.21,5.2,4.78,5.39,5.12,4.82,4.82,4.75,4.79,4.69,5.14,4.8,4.5,4.23,4.57,X,X,X,X,X,X,X,X,X,X,X,X,X,X,X,X,X,X,X,X
4.44,6.01,3.88,4.19,3.98,4.04,4.92,3.95,3.98,4.37,4.76,4.38,4.12,4.64,4.34,3.97,4.42,3.89,3.64,3.64,3.7,4.1,3.73,4.02,4.57,4.01,4.54,4.83,3.67,4.23,4.29,4.3,4.77,4.68,4.21,4.89,4.03,3.74,4.37,4.69,4.63,4.6,4.34,4.85,4.94,4.77,6.1,3.75,3.79,4.2,4.65,4.6,4.09,4.47,3.8,5.41,4.05,3.81,4.21,5.01,4.29,4.22,4.3,4.17,4.27,4.19,4.3,3.98,4.16,3.65,4.37,4.35,3.51,4.46,3.96,4.63,3.25,4.46,4.27,4.2,4.95,4.51,3.95,3.61,4.84,4.03,4.73,4.66,3.94,4.51,3.37,4.56,4.18,4.34,4.09,4.02,4.66,4.6,4.31,4.52,4.34,4.27,3.86,5.26,3.96,3.76,4.47,3.94,3.86,4.45,3.99,4.18,4.38,4.29,4.04,4.4,4.0,4.52,4.24,3.93,4.82,4.08,3.49,4.25,4.14,3.68,4.82,4.43,4.09,4.84,4.4,4.85,4.64,4.69,5.1,4.63,4.31,4.49,4.65,4.23,4.71,4.8,4.19,3.83,4.47,4.8,X,X,X,X,X,X,X,X,X,X,X,X,X,X,X,X,X,X,X
3.62,5.57,4.51,4.07,4.44,3.8,4.37,4.05,3.81,4.09,4.31,4.1,3.8,4.5,3.83,4.05,4.16,4.26,4.08,4.02,3.47,4.3,4.25,4.18,4.77,3.86,4.77,4.19,3.79,4.53,4.43,3.5,4.52,4.25,4.04,4.64,3.98,4.25,3.93,4.6,4.43,4.34,4.63,4.02,4.23,4.11,6.26,4.48,4.72,3.93,4.95,4.6,4.05,3.93,4.51,5.24,4.53,3.51,4.18,5.09,4.45,4.16,3.9,3.76,4.15,4.85,3.94,3.79,4.1,4.99,4.25,5.01,4.34,4.84,3.61,4.33,4.27,4.23,4.37,4.44,4.79,3.65,4.16,4.26,4.18,4.16,4.83,4.54,3.92,4.23,4.29,3.92,4.19,4.54,4.24,4.74,4.45,3.68,4.23,3.94,4.58,4.57,4.06,5.6,4.6,3.94,4.49,4.24,4.2,3.98,4.48,4.47,3.51,4.52,4.16,4.46,4.12,4.75,3.95,3.9,4.8,3.94,4.55,4.33,4.79,4.61,3.83,3.88,4.62,4.97,5.14,4.46,4.45,5.29,4.91,4.49,4.29,4.63,4.75,4.08,5.12,4.73,4.07,3.47,4.25,4.57,4.65,X,X,X,X,X,X,X,X,X,X,X,X,X,X,X,X,X,X
3.79,5.39,4.4,4.2,4.33,3.94,4.05,4.19,4.02,3.4,4.19,3.99,3.79,4.04,4.22,3.27,4.54,4.05,4.1,4.11,3.04,3.66,4.24,4.35,4.7,3.61,4.57,4.05,3.68,4.32,4.09,3.89,4.3,4.31,3.67,3.67,4.04,4.49,3.38,4.37,3.8,4.08,4.05,4.03,3.17,3.92,5.5,4.14,4.37,3.37,4.09,3.9,3.91,3.65,4.44,4.94,4.77,3.79,4.23,4.95,3.86,3.81,3.64,4.07,3.65,3.67,3.66,3.27,3.88,4.6,3.18,4.68,4.0,4.52,3.6,4.15,4.2,3.99,4.16,3.88,5.09,3.67,4.08,4.05,4.17,4.18,4.68,3.94,3.89,4.02,3.53,4.15,4.31,4.84,4.35,3.78,4.57,3.71,4.11,3.58,4.01,4.35,4.07,5.13,4.01,3.85,4.13,4.11,4.45,3.32,4.4,4.52,3.2,3.66,4.31,3.85,4.13,4.37,3.54,3.21,4.37,3.69,3.98,3.8,4.55,4.39,3.54,4.15,3.92,4.53,4.52,4.06,3.47,4.8,3.99,4.25,3.35,3.65,4.39,4.31,4.04,4.04,3.94,3.51,4.04,4.69,4.51,3.9,X,X,X,X,X,X,X,X,X,X,X,X,X,X,X,X,X
5.61,5.6,5.86,5.72,5.7,5.7,5.81,5.5,5.4,5.11,5.8,5.58,5.42,5.54,5.71,4.92,5.87,5.2,5.61,5.49,5.16,5.52,5.58,5.41,5.9,5.22,5.75,5.5,5.23,5.63,5.14,5.65,5.78,5.79,5.32,5.54,5.49,5.87,5.33,5.77,5.52,5.6,5.71,5.87,5.18,5.59,5.3,5.33,5.56,5.32,5.11,5.75,5.43,5.22,5.5,5.99,5.97,5.51,5.7,6.13,5.21,5.41,5.33,5.46,5.32,5.07,5.51,5.03,5.49,5.61,4.9,5.66,5.22,5.57,5.37,5.5,5.32,5.49,5.46,5.31,6.41,5.5,5.69,5.17,5.76,5.41,5.66,5.51,5.49,5.59,5.06,5.86,5.71,5.93,5.87,5.25,5.53,5.35,5.84,5.3,5.52,5.64,5.34,6.16,5.14,5.34,5.46,5.44,5.81,5.28,5.51,5.46,5.25,5.03,5.51,5.47,5.45,5.77,5.32,5.27,5.65,5.51,5.12,5.33,5.68,5.57,5.43,5.62,5.43,5.79,5.69,5.65,5.34,5.87,5.4,5.57,4.67,5.05,5.76,5.63,5.36,5.35,5.6,5.42,5.6,5.98,5.53,5.79,4.86,X,X,X,X,X,X,X,X,X,X,X,X,X,X,X,X
3.39,5.4,4.06,3.8,3.7,4.19,3.53,4.42,4.15,3.25,4.26,3.98,3.93,3.63,4.34,3.67,4.79,4.14,3.83,4.44,3.42,2.88,4.34,4.56,4.45,3.79,4.65,4.02,3.82,3.88,4.15,4.3,3.96,4.31,3.37,3.08,4.2,4.6,2.94,4.04,3.68,3.42,4.04,4.17,3.44,3.56,5.29,4.3,4.08,3.34,3.82,4.32,3.52,3.77,4.65,4.99,4.74,3.67,4.39,4.7,3.88,3.67,4.11,4.22,3.51,3.64,3.65,3.2,4.02,4.66,3.39,4.62,4.28,4.08,3.86,4.38,4.13,3.89,4.04,4.02,5.12,3.91,4.09,4.23,4.14,4.06,4.55,3.79,4.04,3.93,3.7,4.28,3.97,4.83,4.05,3.49,4.64,3.84,3.77,3.88,4.1,4.48,4.26,5.21,3.75,4.12,3.97,4.3,4.37,3.63,4.41,4.53,3.37,3.5,4.46,3.7,4.19,4.27,3.41,3.14,4.32,3.32,3.89,3.39,4.4,4.25,3.52,4.33,3.7,4.7,4.38,4.19,3.76,4.71,3.87,4.16,3.88,3.53,4.18,4.24,3.86,3.95,3.81,3.68,3.62,4.59,4.47,4.32,3.26,5.2,X,X,X,X,X,X,X,X,X,X,X,X,X,X,X
3.48,5.39,4.27,3.91,4.04,3.78,4.27,4.16,3.98,3.7,4.02,3.96,3.92,3.96,3.95,3.39,4.42,3.99,3.93,4.05,3.49,3.63,4.52,4.42,4.69,3.86,4.65,3.91,3.65,4.05,4.17,4.03,4.18,4.15,3.9,4.15,4.13,4.53,3.21,4.39,3.93,4.41,3.89,4.01,3.73,3.72,5.67,4.15,4.63,3.63,4.15,4.5,3.91,3.66,4.51,5.16,4.78,3.5,4.32,5.19,4.21,3.78,3.54,3.89,4.01,4.06,3.63,3.43,3.97,4.7,3.74,4.61,4.34,4.28,3.59,4.21,4.07,3.84,3.9,4.23,5.0,3.63,4.29,3.91,4.27,4.03,4.42,4.18,3.78,3.89,3.92,4.14,4.28,4.78,4.12,4.22,4.59,3.4,3.99,3.69,4.38,4.47,3.98,5.56,4.36,3.96,4.11,4.26,4.45,3.32,4.46,4.37,3.03,4.14,4.19,3.96,4.34,4.55,3.68,3.37,4.83,3.56,4.24,3.93,4.6,4.14,3.65,4.15,4.05,4.67,4.92,3.89,4.1,5.0,4.26,4.37,3.76,3.77,4.41,4.08,4.47,4.41,4.17,3.63,3.59,4.44,4.78,3.9,3.51,5.42,3.65,X,X,X,X,X,X,X,X,X,X,X,X,X,X
3.87,5.65,3.85,3.78,4.07,4.15,4.29,3.95,3.34,4.05,4.22,4.28,4.14,4.38,4.03,3.68,4.55,3.56,3.93,4.02,3.87,4.06,4.08,3.6,4.75,3.81,4.03,4.46,3.43,4.05,4.05,3.99,4.57,4.71,4.33,4.47,3.67,3.96,4.01,4.19,4.5,4.75,4.59,4.49,4.06,4.22,5.94,3.97,4.42,4.03,4.29,4.31,4.14,4.08,4.1,4.8,4.29,3.75,4.15,5.02,3.7,3.46,4.0,3.45,4.5,4.2,4.02,3.61,3.37,4.54,4.12,4.21,3.81,4.34,3.65,4.31,4.36,4.09,3.77,3.92,4.39,3.74,3.97,3.85,4.16,3.94,4.21,3.98,3.56,3.79,3.4,4.41,4.08,4.15,3.84,4.31,3.96,4.03,4.61,3.86,4.19,3.63,3.82,5.11,4.38,3.67,3.67,3.57,3.92,4.25,3.95,4.24,3.77,3.76,3.98,4.17,3.79,4.63,4.29,3.77,4.67,4.02,3.64,4.55,4.44,4.36,3.82,4.21,4.46,4.49,4.91,4.42,4.17,4.66,4.78,4.11,3.87,4.42,4.83,3.97,4.85,4.31,3.8,3.85,4.11,4.87,4.38,4.35,4.29,5.57,4.4,4.25,X,X,X,X,X,X,X,X,X,X,X,X,X
4.08,5.96,3.98,3.64,3.82,3.9,3.96,3.52,4.04,3.72,4.29,4.15,4.34,4.2,4.47,3.99,4.46,4.11,4.23,4.24,4.09,3.95,3.9,4.24,4.38,3.98,4.26,4.23,3.8,3.75,3.91,4.54,3.98,4.19,3.71,3.82,3.82,4.2,3.45,4.09,4.35,4.58,4.1,4.34,4.2,3.95,5.77,4.16,4.37,3.86,3.98,4.38,3.83,4.01,4.32,4.69,4.13,3.94,4.08,4.82,4.15,3.99,4.23,4.08,4.39,4.12,3.83,3.49,3.75,4.38,3.93,4.22,4.4,3.98,3.78,4.15,3.98,3.99,3.8,4.46,4.46,4.09,4.35,3.95,4.67,3.83,4.42,4.39,3.92,4.12,3.7,4.63,3.5,4.56,4.29,3.99,4.25,4.14,4.25,3.85,3.99,4.4,4.29,5.15,4.24,3.9,4.05,3.83,3.8,4.17,4.37,4.27,3.83,4.08,4.13,3.95,4.31,4.12,3.73,3.86,4.56,3.59,4.0,4.21,4.37,3.71,4.17,4.19,4.22,3.98,4.7,4.23,4.45,4.39,4.03,4.4,4.17,3.92,4.69,4.02,4.14,4.35,4.36,4.21,3.96,4.72,4.51,4.43,4.1,5.65,3.98,4.06,4.43,X,X,X,X,X,X,X,X,X,X,X,X
3.47,5.27,4.24,3.92,4.33,4.03,3.63,3.96,3.63,3.37,4.09,3.93,3.51,4.14,3.79,3.09,4.33,3.84,4.21,4.13,3.2,3.68,4.2,4.0,4.77,3.25,4.59,4.12,3.27,4.1,4.17,3.75,4.47,4.62,3.71,3.73,3.53,4.25,3.34,4.34,3.76,3.8,4.03,4.14,3.04,3.73,5.39,4.06,4.2,3.5,3.76,3.69,3.65,3.55,4.44,4.76,4.65,3.49,3.9,4.92,3.82,3.73,3.62,3.79,3.33,3.39,3.75,3.18,3.39,4.54,3.13,4.53,3.95,4.32,3.53,4.31,4.14,3.96,3.92,3.93,4.84,3.46,3.83,3.99,4.02,4.07,4.57,3.82,3.46,3.91,3.41,3.94,4.08,4.52,3.99,3.83,4.34,3.5,4.05,3.47,3.96,4.15,3.96,5.16,4.13,3.82,3.9,3.89,4.08,3.2,4.34,4.28,3.21,3.59,3.99,3.77,3.8,4.41,3.52,3.22,4.02,3.31,3.89,3.83,4.66,4.38,3.25,3.85,3.87,4.4,4.49,3.93,3.22,4.75,4.07,3.85,3.27,3.67,4.37,3.98,3.91,3.94,3.66,3.15,3.86,4.58,4.61,3.88,2.71,4.87,3.18,3.49,3.79,4.22,X,X,X,X,X,X,X,X,X,X,X
3.93,6.03,4.11,3.92,4.08,3.78,4.1,3.14,3.3,3.69,4.1,4.12,4.05,4.26,3.85,3.4,3.1,3.16,3.92,3.17,3.6,3.92,3.44,3.69,4.54,3.63,3.83,4.21,3.02,3.97,3.68,4.06,4.49,4.62,4.29,4.62,3.27,3.56,3.9,4.52,4.25,4.85,4.09,4.63,4.19,4.48,6.01,3.5,4.33,3.73,4.3,4.34,4.13,3.68,3.14,5.21,4.12,3.83,3.4,5.18,3.54,3.16,4.07,3.68,4.43,4.0,3.59,3.38,3.34,3.67,3.73,3.75,3.38,4.2,3.56,3.86,3.62,4.05,3.71,3.85,4.62,3.58,4.12,2.96,4.3,3.11,4.51,4.01,3.45,3.77,3.2,4.43,3.97,4.14,4.16,4.19,4.52,3.78,4.48,3.98,4.27,3.7,3.72,4.92,4.1,3.48,3.7,3.48,3.87,4.29,3.28,3.77,3.8,3.91,3.07,4.11,3.81,3.84,4.31,3.83,4.85,3.61,3.44,4.28,4.15,3.05,4.3,3.43,4.01,4.41,4.85,4.3,4.44,4.81,4.78,4.73,3.82,3.89,4.72,4.39,4.47,4.38,4.32,3.86,3.76,4.88,3.79,4.4,4.19,5.43,4.44,4.29,3.95,3.97,4.2,X,X,X,X,X,X,X,X,X,X
4.03,5.75,3.83,3.44,3.53,3.9,3.21,3.75,3.75,3.4,4.25,3.75,4.3,3.81,4.34,3.79,4.44,3.79,3.73,4.09,3.83,2.85,3.47,4.16,3.99,4.06,4.29,4.18,3.59,3.41,4.33,4.58,4.17,4.28,3.64,3.41,3.65,4.01,3.37,3.75,3.71,4.05,3.53,4.61,3.99,3.85,5.57,3.3,3.91,3.37,3.78,3.79,3.14,3.84,4.06,4.44,4.14,3.94,4.17,4.69,4.25,3.38,4.43,4.39,4.08,3.27,3.71,3.2,3.44,4.25,3.69,4.29,3.87,3.69,3.92,3.85,3.62,4.23,3.65,4.22,4.69,3.91,3.94,3.85,4.39,3.39,4.14,3.85,3.95,4.09,3.07,4.39,3.82,4.43,3.98,3.29,4.11,4.32,3.81,4.18,3.72,3.6,4.12,5.01,3.57,3.88,3.52,4.07,3.35,4.13,4.04,4.48,4.05,3.64,4.15,3.91,4.36,3.89,3.64,3.79,4.45,3.14,2.91,3.9,3.87,3.71,4.19,4.09,3.77,4.32,4.53,4.59,3.99,3.98,4.11,4.01,4.34,3.62,4.23,3.8,4.03,3.92,4.05,3.83,3.45,4.68,4.27,4.74,4.19,5.58,3.52,4.17,4.0,3.6,4.11,3.96,X,X,X,X,X,X,X,X,X
3.66,5.48,3.82,3.71,3.85,3.69,4.51,3.95,3.15,3.67,3.82,3.74,3.54,4.16,3.58,3.41,4.32,3.8,3.57,3.43,3.19,3.81,3.85,3.84,4.6,3.89,4.34,3.81,3.55,4.06,3.84,3.61,4.3,3.93,3.53,4.32,3.5,3.74,3.54,4.09,4.08,4.45,4.43,4.17,3.87,3.91,5.92,3.91,4.36,3.38,4.53,4.62,3.81,3.5,3.95,5.24,4.24,3.24,3.99,5.05,3.75,3.23,3.34,3.37,4.06,4.4,3.54,3.25,3.61,4.73,3.73,4.21,3.48,4.43,3.0,4.15,3.71,3.89,4.04,3.6,4.8,3.79,4.07,3.81,3.8,3.8,4.47,3.82,3.52,3.64,3.69,4.05,4.1,4.49,3.9,4.4,4.01,3.57,4.13,3.44,4.28,4.1,3.38,5.4,4.0,3.13,3.89,3.89,4.21,3.75,3.65,4.17,3.22,3.93,3.95,3.99,3.73,4.36,3.83,3.03,4.59,3.81,3.96,3.96,4.19,4.05,3.83,3.91,4.3,4.67,4.95,4.17,4.37,5.12,4.55,4.5,3.65,4.19,4.61,3.97,4.82,4.41,4.07,3.52,3.64,4.61,4.2,3.65,3.62,5.41,3.94,3.66,3.89,4.13,3.77,3.83,4.3,X,X,X,X,X,X,X,X
3.95,5.39,4.37,4.2,4.22,4.18,4.39,4.05,3.89,4.06,4.42,4.48,4.17,3.99,4.11,3.96,4.33,4.13,4.0,4.33,3.81,4.34,4.47,4.14,4.97,3.89,4.77,4.22,3.67,4.47,4.08,3.93,4.42,4.5,4.32,4.44,4.06,4.42,3.94,4.68,4.41,4.54,4.51,4.42,4.05,4.15,5.93,4.32,4.24,4.09,4.48,4.67,4.19,4.09,4.41,5.11,4.65,3.67,4.08,4.9,4.02,4.08,4.19,3.7,4.15,4.39,3.95,3.71,4.02,4.81,3.89,4.61,4.39,4.66,4.0,4.36,4.41,4.01,4.03,4.21,4.68,3.68,4.32,4.08,4.07,4.29,4.6,4.22,3.76,4.2,4.06,4.4,3.93,4.76,4.01,4.06,4.4,4.0,4.57,4.07,4.59,4.32,4.0,5.29,4.24,3.74,4.24,3.55,4.43,4.13,4.51,4.45,3.54,4.07,3.94,4.39,4.22,4.68,4.18,3.97,4.55,3.95,4.31,4.19,4.66,4.33,3.54,4.17,4.15,4.72,5.22,4.51,3.95,4.91,4.67,4.35,3.75,4.16,4.43,4.42,4.81,4.29,4.09,3.92,4.29,4.72,4.57,4.05,3.81,5.33,4.11,4.06,3.79,4.29,3.64,4.18,4.64,3.97,X,X,X,X,X,X,X
4.36,6.14,3.3,3.91,3.71,3.79,3.95,3.58,3.51,3.97,4.26,4.1,4.53,4.52,4.04,3.43,4.15,3.49,4.26,3.58,3.91,3.85,3.2,4.02,4.41,3.69,4.17,3.98,3.45,3.98,3.95,4.26,4.48,4.84,3.87,3.87,3.11,3.84,3.89,3.86,4.09,4.66,3.91,4.49,3.94,4.51,5.93,3.6,4.52,3.76,3.97,3.84,4.07,3.79,3.87,4.89,4.16,3.91,3.46,5.33,3.55,3.34,4.25,3.89,4.28,3.6,3.53,2.83,2.71,3.66,3.39,4.1,3.53,4.13,3.7,4.02,3.87,4.21,3.23,4.31,4.31,3.88,4.1,3.3,4.64,3.54,4.24,3.9,3.34,3.8,2.58,4.51,3.82,4.42,4.21,4.08,4.55,4.16,4.42,3.86,3.54,3.43,3.71,4.7,4.4,3.42,3.69,3.45,3.57,4.39,3.22,4.04,3.93,3.64,3.29,4.22,4.19,3.36,4.32,4.03,4.54,3.49,3.22,4.25,4.47,3.64,4.33,3.84,3.87,4.29,4.61,4.16,4.5,4.32,4.59,4.46,4.15,3.96,4.63,4.35,4.33,4.2,4.54,3.99,3.65,5.08,4.32,4.67,4.29,5.66,4.21,4.38,3.79,3.69,4.05,3.23,3.47,4.17,4.38,X,X,X,X,X,X
4.38,5.72,4.64,4.52,4.31,4.86,4.36,4.83,4.91,4.27,4.65,4.54,4.59,4.33,4.98,4.6,5.25,4.87,4.73,5.0,4.38,3.78,5.09,5.22,4.9,4.78,4.84,4.78,4.71,4.33,4.76,4.68,4.34,4.59,4.46,4.22,5.01,5.14,3.95,4.68,4.57,4.83,4.4,4.58,4.31,4.28,5.83,4.97,4.86,4.24,4.82,4.56,4.3,4.77,5.23,5.13,5.01,4.52,5.4,4.76,4.86,4.5,4.55,4.92,4.82,4.56,4.33,4.58,4.88,5.32,4.64,4.9,4.89,4.75,4.4,4.86,4.87,4.52,4.71,4.82,5.37,4.7,4.91,5.03,4.69,4.68,4.99,4.17,4.8,4.71,4.77,4.92,5.05,5.32,4.31,4.57,4.93,4.55,4.08,4.63,4.72,5.0,4.92,5.4,4.59,5.03,4.27,5.25,5.1,4.1,5.08,5.13,4.37,4.66,5.26,4.21,4.96,4.97,4.12,4.18,5.1,4.38,4.68,4.61,4.79,4.91,4.52,5.01,4.34,4.7,4.91,4.44,4.54,4.96,4.34,4.74,4.61,4.39,4.76,4.31,4.32,4.66,4.71,4.5,4.39,5.17,5.32,4.94,4.4,5.98,4.24,4.26,4.77,4.58,4.32,5.07,4.23,4.73,5.04,5.01,X,X,X,X,X
4.5,5.66,4.38,4.2,4.32,4.27,4.23,4.26,4.08,4.22,4.61,4.44,4.53,4.62,4.41,3.91,4.92,4.27,4.45,4.3,4.29,4.42,4.14,4.31,4.6,4.1,4.19,4.52,4.02,4.56,4.19,4.53,4.65,4.74,4.03,4.31,3.87,4.52,4.21,4.39,3.95,4.64,4.72,4.28,3.85,4.71,5.92,4.46,4.66,4.17,3.99,4.37,4.39,4.28,4.46,4.41,4.33,4.15,4.4,4.82,4.11,4.03,4.16,4.18,4.39,3.92,4.19,3.67,4.11,4.57,3.69,5.04,4.35,4.7,3.88,4.24,4.18,4.59,4.46,4.41,4.66,4.28,4.61,4.03,4.52,4.39,5.04,4.32,4.14,4.42,3.79,4.73,4.07,4.79,4.6,4.44,4.67,4.42,4.78,4.06,4.11,4.09,4.08,5.22,4.5,4.06,4.35,4.23,4.36,4.45,4.28,4.46,4.04,4.05,4.39,4.45,4.37,4.45,4.54,4.29,4.45,4.2,3.93,4.32,4.69,4.51,4.07,4.39,4.3,4.09,4.41,4.28,4.23,4.35,4.01,4.39,3.78,4.18,4.77,4.09,4.11,4.27,4.64,4.49,4.46,5.2,4.62,4.5,3.79,5.33,4.19,4.28,4.48,3.95,3.86,4.42,4.29,4.18,4.41,4.13,4.85,X,X,X,X
3.89,5.77,4.13,3.9,3.99,4.44,4.57,4.31,4.1,4.28,4.6,4.27,3.78,4.49,4.18,4.48,4.61,4.35,4.0,4.56,3.98,4.21,4.5,4.31,4.95,4.24,5.2,4.76,4.08,4.37,4.52,3.91,4.65,4.39,4.45,4.71,4.24,4.31,3.87,4.51,4.49,4.31,4.69,4.58,4.54,3.88,6.09,4.91,4.06,4.37,4.76,4.83,4.01,4.44,4.93,5.14,4.61,3.86,4.63,4.94,4.73,4.48,4.26,4.23,4.04,4.67,4.27,4.31,4.27,4.88,4.6,4.64,4.53,4.52,3.82,5.03,4.7,4.31,4.54,4.81,4.75,4.32,4.23,4.79,4.42,4.28,4.73,4.5,4.23,4.57,4.61,4.4,4.22,4.47,3.61,4.44,4.48,4.31,4.17,4.32,4.9,4.78,4.35,5.77,4.44,4.25,4.23,4.36,4.01,4.39,4.67,4.65,4.08,4.72,4.82,4.2,4.24,5.19,3.96,4.16,4.7,3.99,4.82,4.02,4.99,4.68,4.27,4.32,4.45,4.99,4.93,4.86,4.43,4.95,4.94,4.04,4.45,4.49,4.64,4.01,5.01,4.92,4.24,3.74,4.17,4.51,4.38,4.13,4.57,6.02,4.42,4.22,4.17,4.65,4.2,4.67,4.79,4.13,4.28,4.88,4.81,5.02,X,X,X
4.77,6.19,4.32,4.5,4.57,4.78,4.67,4.65,4.93,4.84,4.46,4.62,4.77,4.61,4.95,4.69,4.82,4.33,4.9,4.61,4.67,4.33,4.82,4.33,4.82,4.59,4.69,4.64,4.33,4.8,4.07,4.79,4.82,4.99,4.64,4.59,4.87,4.97,4.5,4.16,4.87,5.09,4.5,4.88,4.51,4.76,6.32,4.64,5.17,4.66,4.69,4.71,5.04,4.93,4.81,5.18,5.07,4.81,5.24,5.35,4.27,4.58,4.79,5.0,5.15,4.63,4.5,4.64,4.6,5.0,4.73,4.76,4.52,4.47,4.68,4.76,4.7,4.65,4.69,4.84,5.11,4.85,5.27,4.57,4.96,4.52,4.89,4.38,4.78,4.81,4.53,5.06,4.88,4.69,4.85,4.92,5.01,4.5,4.9,4.67,4.75,4.64,4.88,5.28,4.97,5.0,4.48,5.08,4.82,4.76,4.23,4.63,4.57,4.25,4.96,4.71,5.01,4.86,4.78,4.68,5.0,4.52,4.05,4.98,4.58,4.68,4.64,4.85,4.32,5.0,5.1,4.82,4.9,5.16,5.06,5.1,4.58,5.07,5.21,4.65,4.81,4.76,5.19,4.89,4.47,5.47,5.08,5.08,4.99,6.0,4.72,4.64,4.64,4.68,4.95,4.58,4.33,4.76,5.0,4.45,4.57,4.94,4.9,X,X
4.13,5.64,4.18,3.6,4.23,4.09,4.11,3.92,3.86,3.84,3.82,4.08,4.19,4.13,4.33,4.07,4.38,3.65,4.39,3.92,3.86,3.95,4.08,3.67,4.26,4.15,4.2,4.35,3.67,4.07,4.08,4.15,4.31,4.49,4.33,4.34,3.74,4.14,3.8,3.93,4.31,4.75,4.19,4.36,3.92,4.39,5.75,3.73,4.43,4.06,3.96,4.03,4.36,4.05,3.98,4.79,4.43,3.91,4.3,4.96,4.2,3.55,4.19,4.0,4.56,3.82,3.72,3.58,3.35,4.7,3.99,4.04,3.92,3.85,3.6,3.8,4.19,3.86,3.63,4.01,4.46,4.06,4.6,3.8,4.24,4.0,4.11,4.01,3.52,4.19,3.51,4.49,4.26,4.15,4.23,4.4,4.32,3.9,4.41,3.95,4.22,3.34,3.96,4.56,4.45,4.15,3.53,4.12,3.91,4.11,4.12,3.75,3.62,3.95,4.03,3.87,4.0,4.23,4.13,3.87,4.79,3.8,3.37,4.43,4.27,3.94,3.86,4.41,4.09,4.56,5.01,4.44,4.15,4.6,4.52,4.41,3.88,4.31,4.84,4.12,4.56,3.82,4.37,4.09,3.97,4.79,4.49,4.46,4.26,5.55,4.41,4.15,3.56,4.14,3.98,3.83,3.81,4.01,4.23,3.77,4.58,4.33,4.42,4.31,X
